unit,time,outcome,first_treat,treated,post
0,1,0.589442106388615,0,0,0
0,2,1.9846597574120914,0,0,0
0,3,2.57971651770447,0,0,0
0,4,1.6339165651819445,0,0,0
0,5,2.4583444060777038,0,0,0
0,6,3.6733543610925055,0,0,0
0,7,3.9513128633370713,0,0,0
0,8,4.6010335807567175,0,0,0
1,1,-0.7663888677157458,0,0,0
1,2,-0.31719188743268595,0,0,0
1,3,-0.17307250636655208,0,0,0
1,4,0.8575327483368563,0,0,0
1,5,1.0276668159788627,0,0,0
1,6,0.8642659134112207,0,0,0
1,7,1.9782875368940893,0,0,0
1,8,1.8144708444383402,0,0,0
2,1,2.2319376471214185,0,0,0
2,2,2.6644694208419146,0,0,0
2,3,2.916435830412574,0,0,0
2,4,4.36817127195156,0,0,0
2,5,4.179635861580143,0,0,0
2,6,4.542736691532991,0,0,0
2,7,5.08083382737043,0,0,0
2,8,6.023055195391219,0,0,0
3,1,1.4372544345261509,0,0,0
3,2,1.9462986302320981,0,0,0
3,3,3.301711929163387,0,0,0
3,4,2.527680620535849,0,0,0
3,5,2.9747667641923883,0,0,0
3,6,3.324001764604218,0,0,0
3,7,4.538877840015904,0,0,0
3,8,5.295374275088602,0,0,0
4,1,-0.14797315379101417,0,0,0
4,2,0.3598644768446301,0,0,0
4,3,1.5974014786026003,0,0,0
4,4,2.1437321702919707,0,0,0
4,5,2.5436822188428474,0,0,0
4,6,2.4393502310459025,0,0,0
4,7,3.3881857462236096,0,0,0
4,8,3.830447989260614,0,0,0
5,1,1.3730915824321208,0,0,0
5,2,1.549174967845367,0,0,0
5,3,2.2768339749939734,0,0,0
5,4,2.4711667282024714,0,0,0
5,5,3.081936892803018,0,0,0
5,6,3.753021306377296,0,0,0
5,7,3.2087992835301926,0,0,0
5,8,4.2775415852793754,0,0,0
6,1,-0.760184232707262,0,0,0
6,2,-0.07831643419893289,0,0,0
6,3,1.306725347031607,0,0,0
6,4,0.6263391335677874,0,0,0
6,5,2.043393868710149,0,0,0
6,6,1.2178198056065066,0,0,0
6,7,2.3918121764215217,0,0,0
6,8,3.1406312239669116,0,0,0
7,1,2.028057952614984,0,0,0
7,2,2.5691182803185186,0,0,0
7,3,2.4980821265943374,0,0,0
7,4,2.9412687663862727,0,0,0
7,5,4.101432603347133,0,0,0
7,6,4.076792500277748,0,0,0
7,7,4.034601501049595,0,0,0
7,8,4.605801055716816,0,0,0
8,1,-1.0903241999763407,0,0,0
8,2,-0.7676917039679401,0,0,0
8,3,0.006338105030661456,0,0,0
8,4,-0.05253089517148979,0,0,0
8,5,0.7403652735351345,0,0,0
8,6,1.4738906249804458,0,0,0
8,7,1.5064221581366581,0,0,0
8,8,2.389483046775483,0,0,0
9,1,-1.0053788054158384,0,0,0
9,2,-0.5147208291324671,0,0,0
9,3,-0.42177170492782234,0,0,0
9,4,0.9196343582594884,0,0,0
9,5,0.9414469477653356,0,0,0
9,6,1.6823951772305412,0,0,0
9,7,2.416521447319652,0,0,0
9,8,2.899413705881669,0,0,0
10,1,1.7815274756908608,0,0,0
10,2,2.1191210619234955,0,0,0
10,3,2.790911112492373,0,0,0
10,4,2.487103000966558,0,0,0
10,5,3.107213981734029,0,0,0
10,6,3.669420411768371,0,0,0
10,7,4.332146804144831,0,0,0
10,8,5.530657331307291,0,0,0
11,1,-1.5000393877398164,0,0,0
11,2,-0.16134396182708888,0,0,0
11,3,-0.48909009625083455,0,0,0
11,4,0.5577996735134216,0,0,0
11,5,0.22223304927493992,0,0,0
11,6,1.0863231103460633,0,0,0
11,7,1.2140308618245879,0,0,0
11,8,2.019525351329597,0,0,0
12,1,1.3169560633186168,0,0,0
12,2,2.8978280966877197,0,0,0
12,3,3.29948407608093,0,0,0
12,4,3.383541297066394,0,0,0
12,5,3.4575873477205636,0,0,0
12,6,4.716681028771726,0,0,0
12,7,4.91586992038289,0,0,0
12,8,5.796954380592143,0,0,0
13,1,1.3445937367073435,0,0,0
13,2,0.9240264773103736,0,0,0
13,3,1.0319555447359532,0,0,0
13,4,2.133342108525044,0,0,0
13,5,2.6537026330327684,0,0,0
13,6,3.7232980786671037,0,0,0
13,7,3.961259914004175,0,0,0
13,8,4.222139820621641,0,0,0
14,1,2.832224255277698,0,0,0
14,2,3.6067300160642497,0,0,0
14,3,3.963317811736361,0,0,0
14,4,4.73170088086124,0,0,0
14,5,4.738262708660969,0,0,0
14,6,6.244181255846326,0,0,0
14,7,6.315494433889737,0,0,0
14,8,6.1912026351877945,0,0,0
15,1,-1.3744012386899855,0,0,0
15,2,-0.6120948784678926,0,0,0
15,3,0.4672072834308101,0,0,0
15,4,1.4257730705885816,0,0,0
15,5,0.676046554222915,0,0,0
15,6,0.47407277756898475,0,0,0
15,7,0.4028186972192622,0,0,0
15,8,2.1026975687568346,0,0,0
16,1,-1.3335608207104945,0,0,0
16,2,-0.931930590150556,0,0,0
16,3,-0.1962776338288446,0,0,0
16,4,0.9071079247731698,0,0,0
16,5,0.9526420931020203,0,0,0
16,6,1.2948003908600039,0,0,0
16,7,1.3562909329664423,0,0,0
16,8,1.5367763370271694,0,0,0
17,1,-0.499507093555822,0,0,0
17,2,0.9113491386432797,0,0,0
17,3,0.5925214425897811,0,0,0
17,4,1.518753937364867,0,0,0
17,5,1.2777363825837622,0,0,0
17,6,1.434912298644826,0,0,0
17,7,2.0448258007371525,0,0,0
17,8,2.664771149585462,0,0,0
18,1,4.346246125258136,0,0,0
18,2,5.676184066738501,0,0,0
18,3,5.305475875826816,0,0,0
18,4,6.722725971307451,0,0,0
18,5,6.949414947923261,0,0,0
18,6,7.178620516041284,0,0,0
18,7,7.736558201802612,0,0,0
18,8,7.929545617155632,0,0,0
19,1,1.1646526627937712,0,0,0
19,2,1.279341521080537,0,0,0
19,3,1.7531756158043517,0,0,0
19,4,2.978438361825221,0,0,0
19,5,4.181690031169379,0,0,0
19,6,3.9721402097508802,0,0,0
19,7,4.332825239909219,0,0,0
19,8,5.035057472765432,0,0,0
20,1,3.221694734095578,0,0,0
20,2,3.406539867996781,0,0,0
20,3,4.665147838443595,0,0,0
20,4,4.826381702644457,0,0,0
20,5,5.879881479411646,0,0,0
20,6,5.703620702024603,0,0,0
20,7,5.4997689675534,0,0,0
20,8,5.927923883790817,0,0,0
21,1,4.663688724854148,0,0,0
21,2,4.212096257821199,0,0,0
21,3,4.610262203894505,0,0,0
21,4,6.032578010583601,0,0,0
21,5,5.248333023440756,0,0,0
21,6,5.854492354984586,0,0,0
21,7,7.123519261807022,0,0,0
21,8,7.104553303032705,0,0,0
22,1,0.40803481729760116,0,0,0
22,2,1.158543540959324,0,0,0
22,3,2.1934971972167157,0,0,0
22,4,2.0350487200107303,0,0,0
22,5,2.8117256631982865,0,0,0
22,6,1.9646702160443463,0,0,0
22,7,3.4653970655947988,0,0,0
22,8,3.568141131413422,0,0,0
23,1,-2.3767023043116313,0,0,0
23,2,-1.6046878411976622,0,0,0
23,3,-0.4796748496692495,0,0,0
23,4,-1.100822479717038,0,0,0
23,5,0.07768962544995267,0,0,0
23,6,0.32028916248595474,0,0,0
23,7,0.8985373319717636,0,0,0
23,8,2.063752791805046,0,0,0
24,1,2.244929927729224,0,0,0
24,2,1.9989780343829018,0,0,0
24,3,2.2282595681725006,0,0,0
24,4,2.9643014655676025,0,0,0
24,5,3.697479269643463,0,0,0
24,6,4.164517553234707,0,0,0
24,7,4.034036837891168,0,0,0
24,8,5.121475764821788,0,0,0
25,1,2.2151936790447704,0,0,0
25,2,2.3948789659186454,0,0,0
25,3,1.5298349849984003,0,0,0
25,4,2.312764979503222,0,0,0
25,5,2.224735659359309,0,0,0
25,6,3.161103153296067,0,0,0
25,7,4.1142591620729805,0,0,0
25,8,5.059383470721928,0,0,0
26,1,-1.2852408955211154,0,0,0
26,2,-1.5318121903565445,0,0,0
26,3,-0.039500635759670874,0,0,0
26,4,0.010625118583001414,0,0,0
26,5,0.7771126108297461,0,0,0
26,6,1.1034019354289888,0,0,0
26,7,1.9947010473865048,0,0,0
26,8,1.6629681288344675,0,0,0
27,1,-1.369466934767832,0,0,0
27,2,-2.5778017814189966,0,0,0
27,3,-1.9824832800093009,0,0,0
27,4,-0.015633726621324118,0,0,0
27,5,1.0184430938382223,0,0,0
27,6,-0.519873805194652,0,0,0
27,7,0.3817850308240036,0,0,0
27,8,1.2366872846882737,0,0,0
28,1,3.463966749597066,0,0,0
28,2,4.33475636584013,0,0,0
28,3,5.346064076842056,0,0,0
28,4,5.674778326044494,0,0,0
28,5,5.769317253196135,0,0,0
28,6,6.390483806553164,0,0,0
28,7,6.269947384626194,0,0,0
28,8,7.338308416823852,0,0,0
29,1,0.08330996479521774,0,0,0
29,2,0.18956141057258175,0,0,0
29,3,1.2029942812546592,0,0,0
29,4,1.9735829288920042,0,0,0
29,5,2.044939683816323,0,0,0
29,6,2.6431032241816914,0,0,0
29,7,2.9938026937710234,0,0,0
29,8,3.4672672165277967,0,0,0
30,1,-0.7848689362490409,0,0,0
30,2,-0.49175936629243955,0,0,0
30,3,1.1034680873796026,0,0,0
30,4,1.3435613841519265,0,0,0
30,5,1.2498072091925556,0,0,0
30,6,1.1753553280669213,0,0,0
30,7,1.500678196922596,0,0,0
30,8,3.1524554094587374,0,0,0
31,1,1.2655701519900824,0,0,0
31,2,0.6532054568071807,0,0,0
31,3,2.4892176910733674,0,0,0
31,4,2.7527086194014587,0,0,0
31,5,2.470283108087038,0,0,0
31,6,3.2897360465693026,0,0,0
31,7,4.157357052472537,0,0,0
31,8,4.551731849472399,0,0,0
32,1,-0.13608650564009042,0,0,0
32,2,0.2896689392894473,0,0,0
32,3,0.9919388844441243,0,0,0
32,4,2.1514036148894684,0,0,0
32,5,0.6323284079272413,0,0,0
32,6,2.297232496138048,0,0,0
32,7,3.0039138390791136,0,0,0
32,8,3.56365462323644,0,0,0
33,1,-1.122190053881871,0,0,0
33,2,0.42016857921447515,0,0,0
33,3,1.6198459444395128,0,0,0
33,4,0.4892401348993515,0,0,0
33,5,2.1880848442065144,0,0,0
33,6,2.091908225795973,0,0,0
33,7,2.7255086644429967,0,0,0
33,8,2.7297215820054457,0,0,0
34,1,0.48110995263772593,0,0,0
34,2,0.6224152762821002,0,0,0
34,3,1.6972434579932187,0,0,0
34,4,1.9197935997770936,0,0,0
34,5,2.0506309947530346,0,0,0
34,6,3.203054918372143,0,0,0
34,7,3.0505842346573964,0,0,0
34,8,3.7450817436867765,0,0,0
35,1,-0.059868999139814305,0,0,0
35,2,0.05814618128044485,0,0,0
35,3,1.4016500602280098,0,0,0
35,4,0.8177062813731506,0,0,0
35,5,2.298033264139414,0,0,0
35,6,2.3115325641780036,0,0,0
35,7,3.492481639664243,0,0,0
35,8,3.7822925872962134,0,0,0
36,1,4.506679660862925,0,0,0
36,2,3.8552721874669826,0,0,0
36,3,5.1078157288445025,0,0,0
36,4,5.055288718996195,0,0,0
36,5,5.882152394110466,0,0,0
36,6,7.396906531931964,0,0,0
36,7,7.460059220742451,0,0,0
36,8,7.2918271010042295,0,0,0
37,1,-1.5110436864426673,0,0,0
37,2,-1.6357148075713617,0,0,0
37,3,-0.8630048715790883,0,0,0
37,4,0.12857000289482415,0,0,0
37,5,1.0502212851725503,0,0,0
37,6,1.2769460032314222,0,0,0
37,7,0.3269205128201522,0,0,0
37,8,2.1247486316343323,0,0,0
38,1,0.8510122891515024,0,0,0
38,2,1.9521719872907592,0,0,0
38,3,0.6124480080627843,0,0,0
38,4,1.8485154338696028,0,0,0
38,5,2.939520307861833,0,0,0
38,6,2.353269946738185,0,0,0
38,7,4.38204167049191,0,0,0
38,8,4.3282454528154855,0,0,0
39,1,1.907696140925911,0,0,0
39,2,3.1000498166699133,0,0,0
39,3,3.7274037496813275,0,0,0
39,4,3.8096069817553926,0,0,0
39,5,4.310368418036156,0,0,0
39,6,4.828339591327671,0,0,0
39,7,4.7614953393171175,0,0,0
39,8,5.619403631566632,0,0,0
40,1,0.38665186727202994,0,0,0
40,2,1.1948670585504297,0,0,0
40,3,0.6656868941060777,0,0,0
40,4,1.6324504199354937,0,0,0
40,5,2.9356827089247686,0,0,0
40,6,2.323160820689,0,0,0
40,7,2.783829926450122,0,0,0
40,8,3.796108031010879,0,0,0
41,1,2.19448340875097,0,0,0
41,2,3.353250676189135,0,0,0
41,3,3.6171673722539035,0,0,0
41,4,4.109680414415672,0,0,0
41,5,4.465828631632687,0,0,0
41,6,5.852596931143682,0,0,0
41,7,5.086189536537618,0,0,0
41,8,4.687009234937383,0,0,0
42,1,3.479659007555869,0,0,0
42,2,4.262448945205798,0,0,0
42,3,5.363284065464545,0,0,0
42,4,4.407378952504819,0,0,0
42,5,5.082685115981212,0,0,0
42,6,5.407869754474855,0,0,0
42,7,6.311440578021569,0,0,0
42,8,7.428327026042778,0,0,0
43,1,1.6865127752898188,0,0,0
43,2,1.3419927436793588,0,0,0
43,3,1.3933239673092201,0,0,0
43,4,3.0755524783207333,0,0,0
43,5,3.3124876688063742,0,0,0
43,6,4.278068571483848,0,0,0
43,7,4.899352498736177,0,0,0
43,8,5.117496401654883,0,0,0
44,1,2.1348718578092414,0,0,0
44,2,2.7852985235524406,0,0,0
44,3,2.6679295393167664,0,0,0
44,4,3.430460463835978,0,0,0
44,5,4.118654219080186,0,0,0
44,6,4.930530408460417,0,0,0
44,7,4.823395584639421,0,0,0
44,8,5.780849798617764,0,0,0
45,1,-0.0904486674948232,0,0,0
45,2,0.8830819371812785,0,0,0
45,3,-0.028207769357835977,0,0,0
45,4,0.8200862521318614,0,0,0
45,5,1.2272297174478315,0,0,0
45,6,1.3015143562450895,0,0,0
45,7,2.6291901960916535,0,0,0
45,8,3.843039366033112,0,0,0
46,1,0.029126908205776583,0,0,0
46,2,0.9748406155902468,0,0,0
46,3,1.5940749333686963,0,0,0
46,4,1.3956628998717808,0,0,0
46,5,2.6070248120195494,0,0,0
46,6,2.4762951964519053,0,0,0
46,7,2.5115327553211197,0,0,0
46,8,3.133031691135483,0,0,0
47,1,-2.905139951996859,0,0,0
47,2,-2.1400813691672473,0,0,0
47,3,-1.0592805154407317,0,0,0
47,4,-0.10068810954704066,0,0,0
47,5,-1.1521637828185525,0,0,0
47,6,0.2353407089999269,0,0,0
47,7,0.018655005291200233,0,0,0
47,8,1.2762755191015684,0,0,0
48,1,-0.6776262142992184,0,0,0
48,2,1.2019751944087889,0,0,0
48,3,0.9353263422201812,0,0,0
48,4,1.4708765794377694,0,0,0
48,5,1.702950492979702,0,0,0
48,6,2.410685060280769,0,0,0
48,7,3.4517719189720055,0,0,0
48,8,3.643204528156344,0,0,0
49,1,1.338284931529384,0,0,0
49,2,2.317654832329046,0,0,0
49,3,1.9859309291327725,0,0,0
49,4,1.9188950961420963,0,0,0
49,5,3.690935212850954,0,0,0
49,6,3.4915799185163348,0,0,0
49,7,4.714620226853651,0,0,0
49,8,4.849012561156197,0,0,0
50,1,0.41211288661645773,0,0,0
50,2,1.7132312196564599,0,0,0
50,3,2.2762152041201866,0,0,0
50,4,1.7724155071596994,0,0,0
50,5,2.317820236251848,0,0,0
50,6,3.2758450183265033,0,0,0
50,7,2.814894423209637,0,0,0
50,8,3.9042601259024377,0,0,0
51,1,0.605228409821064,0,0,0
51,2,0.5315899011175843,0,0,0
51,3,0.6534905574378027,0,0,0
51,4,0.9117825860966413,0,0,0
51,5,1.8895822475974835,0,0,0
51,6,2.718936661622621,0,0,0
51,7,3.3016785107679065,0,0,0
51,8,4.916889885307046,0,0,0
52,1,2.2309411816437827,0,0,0
52,2,3.3858409660400746,0,0,0
52,3,3.5084476216394336,0,0,0
52,4,4.069804820794549,0,0,0
52,5,4.804649564522288,0,0,0
52,6,5.521572298302293,0,0,0
52,7,5.542357497872589,0,0,0
52,8,6.7439125061817755,0,0,0
53,1,-1.780706921103674,0,0,0
53,2,0.014960411013108077,0,0,0
53,3,-0.6723365809721705,0,0,0
53,4,0.4327308010182783,0,0,0
53,5,0.26188363680179605,0,0,0
53,6,1.0065120953800903,0,0,0
53,7,1.1877319505188462,0,0,0
53,8,1.6309197571330898,0,0,0
54,1,-0.8438141139720626,0,0,0
54,2,-0.9847333880437232,0,0,0
54,3,0.2738278247058753,0,0,0
54,4,0.9836787087721157,0,0,0
54,5,1.1243009101677757,0,0,0
54,6,1.2979108397713148,0,0,0
54,7,2.168017996203509,0,0,0
54,8,2.2866986787759545,0,0,0
55,1,1.4553912088227368,0,0,0
55,2,2.7032905668709755,0,0,0
55,3,2.3756882533683,0,0,0
55,4,3.123563835816696,0,0,0
55,5,5.053025365837253,0,0,0
55,6,5.318686741916141,0,0,0
55,7,5.011354134287903,0,0,0
55,8,5.11984252290985,0,0,0
56,1,-5.70080542964962,0,0,0
56,2,-3.7188501695596012,0,0,0
56,3,-4.211615539951479,0,0,0
56,4,-4.208843818708047,0,0,0
56,5,-3.1965175709331493,0,0,0
56,6,-3.709536852180524,0,0,0
56,7,-2.57771935703212,0,0,0
56,8,-1.8793189391754332,0,0,0
57,1,0.7232017572029432,0,0,0
57,2,1.0001213094759291,0,0,0
57,3,1.6619617054119014,0,0,0
57,4,1.4836125552425232,0,0,0
57,5,2.776706400563177,0,0,0
57,6,3.6422671701698985,0,0,0
57,7,2.8427239365321966,0,0,0
57,8,3.383950868500623,0,0,0
58,1,3.0758966792929354,0,0,0
58,2,4.3734793686737445,0,0,0
58,3,3.950300816694374,0,0,0
58,4,5.399091460775821,0,0,0
58,5,5.237311581043191,0,0,0
58,6,5.800683084301813,0,0,0
58,7,6.953927683475418,0,0,0
58,8,6.49068343391838,0,0,0
59,1,-1.6065262958640938,0,0,0
59,2,-0.6560772165283473,0,0,0
59,3,-1.1651237279401738,0,0,0
59,4,0.4364912594756441,0,0,0
59,5,0.34837014934121174,0,0,0
59,6,1.691662138516865,0,0,0
59,7,0.42062565569984756,0,0,0
59,8,1.7244729205979992,0,0,0
60,1,-3.28605103565018,3,1,0
60,2,-2.2491033519137322,3,1,0
60,3,0.03745038480691858,3,1,1
60,4,0.7003749130577888,3,1,1
60,5,1.4474712618417656,3,1,1
60,6,2.328757817841768,3,1,1
60,7,2.422795676560242,3,1,1
60,8,3.980488517981321,3,1,1
61,1,2.0178509095990185,3,1,0
61,2,2.6035986621465996,3,1,0
61,3,4.9735409411752975,3,1,1
61,4,6.542868592136502,3,1,1
61,5,6.181784855244713,3,1,1
61,6,6.77179033160368,3,1,1
61,7,7.248568150592279,3,1,1
61,8,7.809200605482051,3,1,1
62,1,-2.43334223181761,3,1,0
62,2,-1.5242837660281863,3,1,0
62,3,1.1782039890467066,3,1,1
62,4,1.7366274540739304,3,1,1
62,5,2.028288786082993,3,1,1
62,6,3.561148706807831,3,1,1
62,7,4.180762760948323,3,1,1
62,8,4.431232271086841,3,1,1
63,1,-0.5316183289145243,3,1,0
63,2,-0.21184549558637183,3,1,0
63,3,1.4701040809630521,3,1,1
63,4,2.8601775826783737,3,1,1
63,5,3.7251856167077664,3,1,1
63,6,3.8443203174266998,3,1,1
63,7,5.089089407089297,3,1,1
63,8,4.966756468041681,3,1,1
64,1,3.7963471925540575,3,1,0
64,2,3.5461135328728592,3,1,0
64,3,6.354099368943878,3,1,1
64,4,5.667411217124404,3,1,1
64,5,6.994198369891675,3,1,1
64,6,8.125482739948277,3,1,1
64,7,8.436305689310913,3,1,1
64,8,10.02957044133967,3,1,1
65,1,3.906285701781337,3,1,0
65,2,4.575861359453391,3,1,0
65,3,7.612317245650953,3,1,1
65,4,9.0001511357458,3,1,1
65,5,8.283405905226036,3,1,1
65,6,9.71911112264946,3,1,1
65,7,11.205242486902542,3,1,1
65,8,10.168713487406354,3,1,1
66,1,-2.2739417169220832,3,1,0
66,2,-1.8224326201193697,3,1,0
66,3,1.3441622301851583,3,1,1
66,4,1.758691446218755,3,1,1
66,5,1.4503805564872718,3,1,1
66,6,3.2955667877587413,3,1,1
66,7,3.4490921426305103,3,1,1
66,8,5.075085194778955,3,1,1
67,1,-1.0734827144249572,3,1,0
67,2,0.015390732528426376,3,1,0
67,3,2.626288168294629,3,1,1
67,4,3.1688746090942628,3,1,1
67,5,2.8020262684337567,3,1,1
67,6,4.613842147090287,3,1,1
67,7,4.527670901288961,3,1,1
67,8,5.862462982920292,3,1,1
68,1,-2.1243077970265887,3,1,0
68,2,-2.2507683229518065,3,1,0
68,3,0.01121380407161876,3,1,1
68,4,1.7094411974430797,3,1,1
68,5,2.1733533900402553,3,1,1
68,6,2.445542728505431,3,1,1
68,7,4.178120553712412,3,1,1
68,8,3.932204918417008,3,1,1
69,1,0.6986720717811699,3,1,0
69,2,0.7543823808775625,3,1,0
69,3,3.799783494641834,3,1,1
69,4,3.997489174359507,3,1,1
69,5,4.758396186833765,3,1,1
69,6,6.34553666784354,3,1,1
69,7,5.843922321685652,3,1,1
69,8,5.857825182477124,3,1,1
70,1,4.99653796632729,3,1,0
70,2,4.0192393572991225,3,1,0
70,3,5.753454969713696,3,1,1
70,4,7.266632001925817,3,1,1
70,5,7.978762515103454,3,1,1
70,6,8.726912069512661,3,1,1
70,7,8.965179969062865,3,1,1
70,8,10.511654561262027,3,1,1
71,1,0.801811940662519,3,1,0
71,2,2.398613116419616,3,1,0
71,3,5.575357241545118,3,1,1
71,4,5.334994916790702,3,1,1
71,5,5.7803521695379185,3,1,1
71,6,6.578013143368412,3,1,1
71,7,7.656643134056453,3,1,1
71,8,7.183678947818564,3,1,1
72,1,0.6335494312231994,3,1,0
72,2,2.252693912432627,3,1,0
72,3,3.7416950390521255,3,1,1
72,4,5.362725211514364,3,1,1
72,5,4.676911057063601,3,1,1
72,6,6.222410989356,3,1,1
72,7,6.788481537850219,3,1,1
72,8,6.894257782022213,3,1,1
73,1,1.461051647689681,3,1,0
73,2,1.1928963771305807,3,1,0
73,3,3.0088109046889993,3,1,1
73,4,4.5460108160351576,3,1,1
73,5,4.803580681877625,3,1,1
73,6,5.78362175994194,3,1,1
73,7,6.6139983444313195,3,1,1
73,8,6.501966121266122,3,1,1
74,1,-2.4902832608785936,3,1,0
74,2,-2.4926760267261963,3,1,0
74,3,-1.0136888495516396,3,1,1
74,4,1.3611053396627115,3,1,1
74,5,1.8048681989957638,3,1,1
74,6,2.011745909340402,3,1,1
74,7,2.410268215829523,3,1,1
74,8,4.186587269515813,3,1,1
75,1,2.390002386462896,3,1,0
75,2,1.9087955444833278,3,1,0
75,3,4.392552815751867,3,1,1
75,4,4.815237280066577,3,1,1
75,5,6.007089178721254,3,1,1
75,6,6.611243845744937,3,1,1
75,7,7.624563749403457,3,1,1
75,8,7.438039785802217,3,1,1
76,1,-0.6103665313439147,3,1,0
76,2,0.5245859147015699,3,1,0
76,3,3.3783722742604416,3,1,1
76,4,3.0997648075374253,3,1,1
76,5,3.816798190215529,3,1,1
76,6,4.886223666046975,3,1,1
76,7,5.306304304105624,3,1,1
76,8,6.60521188068202,3,1,1
77,1,-4.4169071046965405,3,1,0
77,2,-3.8947627482188163,3,1,0
77,3,-2.163732587431166,3,1,1
77,4,-0.7853738034224953,3,1,1
77,5,-0.06113263916105666,3,1,1
77,6,0.9958930915024914,3,1,1
77,7,2.3529283645920382,3,1,1
77,8,2.373915093166555,3,1,1
78,1,-1.590104711149072,3,1,0
78,2,-0.5370406298216329,3,1,0
78,3,0.9503931514002399,3,1,1
78,4,1.6830851174969683,3,1,1
78,5,3.117647039094804,3,1,1
78,6,3.4276045015922922,3,1,1
78,7,4.56211490481243,3,1,1
78,8,4.931549163560043,3,1,1
79,1,1.3857882391588137,3,1,0
79,2,2.3972849707850004,3,1,0
79,3,4.797982288997555,3,1,1
79,4,4.99538183412707,3,1,1
79,5,5.5215883222447895,3,1,1
79,6,7.346201813816464,3,1,1
79,7,7.527851105070145,3,1,1
79,8,7.892187155355469,3,1,1
80,1,0.8716515548279868,3,1,0
80,2,-0.33272679653262593,3,1,0
80,3,2.559322781201672,3,1,1
80,4,3.546198905205702,3,1,1
80,5,5.4382315595135,3,1,1
80,6,5.548935617612984,3,1,1
80,7,6.491300746383948,3,1,1
80,8,6.23756166659022,3,1,1
81,1,-1.5151648921796972,3,1,0
81,2,-1.2099345850733292,3,1,0
81,3,1.5352976588910108,3,1,1
81,4,1.8670927539947217,3,1,1
81,5,2.800000112686261,3,1,1
81,6,3.439987791911502,3,1,1
81,7,4.44981194400141,3,1,1
81,8,5.164432390431183,3,1,1
82,1,-3.8633782664539673,3,1,0
82,2,-1.7388712899577863,3,1,0
82,3,0.8541185578474285,3,1,1
82,4,0.4499445014597917,3,1,1
82,5,0.7303383079436458,3,1,1
82,6,2.4097734217200606,3,1,1
82,7,3.5256751243917246,3,1,1
82,8,4.659053272433617,3,1,1
83,1,1.3467367959100545,3,1,0
83,2,1.5860298334104703,3,1,0
83,3,4.538320790038229,3,1,1
83,4,5.082962792260274,3,1,1
83,5,5.425061191338493,3,1,1
83,6,7.656972969634546,3,1,1
83,7,8.225179345238967,3,1,1
83,8,8.600619485980616,3,1,1
84,1,-0.9141911334696158,3,1,0
84,2,-0.5218875908693043,3,1,0
84,3,1.8795720164837713,3,1,1
84,4,2.983131837903634,3,1,1
84,5,3.3759847758123835,3,1,1
84,6,4.128306322533913,3,1,1
84,7,4.77675234606785,3,1,1
84,8,5.328694908382798,3,1,1
85,1,-3.0254117207230884,3,1,0
85,2,-2.8453182388529297,3,1,0
85,3,-0.7071427382483771,3,1,1
85,4,1.4736860502220452,3,1,1
85,5,2.197275411014485,3,1,1
85,6,2.712388040719439,3,1,1
85,7,2.8603844489995702,3,1,1
85,8,4.1080903010479615,3,1,1
86,1,0.6255049996525408,3,1,0
86,2,0.4773706759726597,3,1,0
86,3,3.7226020134530713,3,1,1
86,4,4.254299325415859,3,1,1
86,5,4.272780302786419,3,1,1
86,6,5.598507805295353,3,1,1
86,7,6.284241579275246,3,1,1
86,8,7.92288694452597,3,1,1
87,1,2.2941493765725522,3,1,0
87,2,2.9128203119273604,3,1,0
87,3,5.310532846078918,3,1,1
87,4,5.886969664629046,3,1,1
87,5,6.147213058332675,3,1,1
87,6,7.3129007182233545,3,1,1
87,7,7.715377528700563,3,1,1
87,8,8.163268887565245,3,1,1
88,1,1.7180759590616868,3,1,0
88,2,1.1290898734110304,3,1,0
88,3,4.461101310347506,3,1,1
88,4,5.7202943220450315,3,1,1
88,5,6.4520554985432295,3,1,1
88,6,7.135362050537689,3,1,1
88,7,7.341900232545799,3,1,1
88,8,7.599920965110493,3,1,1
89,1,-1.4950952023409423,3,1,0
89,2,-0.9777576375335396,3,1,0
89,3,1.9762679010864117,3,1,1
89,4,2.582592170454921,3,1,1
89,5,2.6664880170182927,3,1,1
89,6,2.8104994058534443,3,1,1
89,7,3.973049046778429,3,1,1
89,8,4.941217942689142,3,1,1
90,1,-0.1931135448176361,3,1,0
90,2,0.7222759167061412,3,1,0
90,3,2.8438546385158867,3,1,1
90,4,3.481800467358505,3,1,1
90,5,4.6515599263729115,3,1,1
90,6,4.994837219156589,3,1,1
90,7,6.017885703710367,3,1,1
90,8,6.732435520647254,3,1,1
91,1,-2.0194785641158552,3,1,0
91,2,-0.5599695322249181,3,1,0
91,3,0.6401022414497072,3,1,1
91,4,0.8628147733315854,3,1,1
91,5,1.6902194211955948,3,1,1
91,6,3.3356969711051856,3,1,1
91,7,4.0366006368332,3,1,1
91,8,4.662336570104291,3,1,1
92,1,1.5919624413055342,3,1,0
92,2,3.626346595072415,3,1,0
92,3,6.70909875875879,3,1,1
92,4,6.064489275411146,3,1,1
92,5,7.1384764019620555,3,1,1
92,6,7.651933699242694,3,1,1
92,7,8.281206634818238,3,1,1
92,8,9.265248655345484,3,1,1
93,1,4.27366390511277,3,1,0
93,2,3.6870009548489353,3,1,0
93,3,7.307500674401244,3,1,1
93,4,7.072758805861322,3,1,1
93,5,8.631816080719549,3,1,1
93,6,8.408321242542264,3,1,1
93,7,9.220499480392082,3,1,1
93,8,10.037707803690425,3,1,1
94,1,7.283350146157465,3,1,0
94,2,7.004075093759338,3,1,0
94,3,10.342206293872998,3,1,1
94,4,10.376791090192897,3,1,1
94,5,11.012832267284466,3,1,1
94,6,12.412008038681124,3,1,1
94,7,12.673250152620646,3,1,1
94,8,13.496995315990972,3,1,1
95,1,0.6962620070333022,3,1,0
95,2,1.2404533924486596,3,1,0
95,3,2.5594869773778774,3,1,1
95,4,4.561256778035353,3,1,1
95,5,4.436960733815434,3,1,1
95,6,4.90682087595088,3,1,1
95,7,6.298764821801244,3,1,1
95,8,7.069960945387812,3,1,1
96,1,-0.4714964003105743,3,1,0
96,2,-1.058099912330015,3,1,0
96,3,1.9095157964691587,3,1,1
96,4,2.520550603388938,3,1,1
96,5,3.489694035685769,3,1,1
96,6,4.352419813179059,3,1,1
96,7,4.409041196043666,3,1,1
96,8,5.9751290095835525,3,1,1
97,1,-0.31996838998655575,3,1,0
97,2,0.14670901647088397,3,1,0
97,3,3.6198450902047434,3,1,1
97,4,4.215521077776223,3,1,1
97,5,4.974294679882083,3,1,1
97,6,5.71201350840429,3,1,1
97,7,6.53878465642449,3,1,1
97,8,7.599829541593549,3,1,1
98,1,-2.308195598285514,3,1,0
98,2,-1.7688717307788075,3,1,0
98,3,1.422248531749237,3,1,1
98,4,2.6002638874881066,3,1,1
98,5,2.462120479045128,3,1,1
98,6,2.1269402760850564,3,1,1
98,7,3.225793766859696,3,1,1
98,8,4.3612718367668775,3,1,1
99,1,-0.8196520886177927,3,1,0
99,2,-0.096167213499971,3,1,0
99,3,2.228669059598347,3,1,1
99,4,3.6092120302812747,3,1,1
99,5,3.4465335721688857,3,1,1
99,6,4.053383245271799,3,1,1
99,7,5.423979994269802,3,1,1
99,8,5.116721190046511,3,1,1
100,1,1.3306600025031379,3,1,0
100,2,1.7056621656809208,3,1,0
100,3,5.073521464214636,3,1,1
100,4,4.668279687992645,3,1,1
100,5,6.709532495902043,3,1,1
100,6,6.266667686025955,3,1,1
100,7,6.440875188154891,3,1,1
100,8,7.814343201137418,3,1,1
101,1,-2.0283683245442865,3,1,0
101,2,-0.9539737506297907,3,1,0
101,3,1.6253006436875261,3,1,1
101,4,1.7364257492353348,3,1,1
101,5,3.241212171885664,3,1,1
101,6,4.026263478373031,3,1,1
101,7,4.865660477644108,3,1,1
101,8,5.112216302925325,3,1,1
102,1,2.2864582101843687,3,1,0
102,2,3.567904149857166,3,1,0
102,3,5.793354796009684,3,1,1
102,4,6.9864703547350935,3,1,1
102,5,7.3411328145730295,3,1,1
102,6,8.24377850319653,3,1,1
102,7,9.967944864273422,3,1,1
102,8,9.641997525961209,3,1,1
103,1,1.2114499694183103,3,1,0
103,2,1.8654412783588448,3,1,0
103,3,4.3305929745984635,3,1,1
103,4,5.251746667367008,3,1,1
103,5,6.310238402154016,3,1,1
103,6,7.251281633182093,3,1,1
103,7,7.282394675335011,3,1,1
103,8,8.122358077398228,3,1,1
104,1,-1.8456673895789442,3,1,0
104,2,-0.8315842859293394,3,1,0
104,3,1.6312553008374429,3,1,1
104,4,2.0040758480263916,3,1,1
104,5,3.041467961412842,3,1,1
104,6,3.5436543361257757,3,1,1
104,7,4.598424110758526,3,1,1
104,8,4.842950560107422,3,1,1
105,1,-0.043476002675557485,3,1,0
105,2,-1.1766938190684573,3,1,0
105,3,2.9800462370504555,3,1,1
105,4,1.664396956250539,3,1,1
105,5,3.3268716651552213,3,1,1
105,6,5.1144876693284225,3,1,1
105,7,5.827368037491327,3,1,1
105,8,5.707388978787966,3,1,1
106,1,-0.23893358945081156,4,1,0
106,2,-0.6662191495442156,4,1,0
106,3,1.197256072443615,4,1,0
106,4,2.574835989653949,4,1,1
106,5,3.479814004682756,4,1,1
106,6,4.784233115491427,4,1,1
106,7,4.741309474338832,4,1,1
106,8,4.874623925896722,4,1,1
107,1,0.26273972851637434,4,1,0
107,2,0.0981742705106371,4,1,0
107,3,1.1526290609410081,4,1,0
107,4,3.4094490496127015,4,1,1
107,5,4.942723975205137,4,1,1
107,6,5.1978510337040476,4,1,1
107,7,5.7391472220376345,4,1,1
107,8,6.527454131300132,4,1,1
108,1,1.2546511366572222,4,1,0
108,2,0.9463879224776417,4,1,0
108,3,1.4254502205016966,4,1,0
108,4,4.998583644513598,4,1,1
108,5,4.940075600709966,4,1,1
108,6,5.137822990513895,4,1,1
108,7,6.768150391503885,4,1,1
108,8,7.477928939828675,4,1,1
109,1,-2.4466896567816097,4,1,0
109,2,-1.693638968299226,4,1,0
109,3,-1.3742372886602814,4,1,0
109,4,1.2545602273672847,4,1,1
109,5,0.9364349364412128,4,1,1
109,6,2.5040895629846847,4,1,1
109,7,2.887259605751364,4,1,1
109,8,3.4971744061242647,4,1,1
110,1,2.9807484741765684,4,1,0
110,2,3.6382962461396327,4,1,0
110,3,3.8985151545924057,4,1,0
110,4,5.686244128024361,4,1,1
110,5,6.617471300352625,4,1,1
110,6,7.524522654731576,4,1,1
110,7,7.901700193489184,4,1,1
110,8,8.606493312795227,4,1,1
111,1,2.117864940739398,4,1,0
111,2,2.282862795565533,4,1,0
111,3,2.9402697308344345,4,1,0
111,4,5.964461452619235,4,1,1
111,5,6.349002909352342,4,1,1
111,6,7.217611252186533,4,1,1
111,7,8.082545884853458,4,1,1
111,8,8.260085532303558,4,1,1
112,1,2.201917628988809,4,1,0
112,2,1.8950897838038725,4,1,0
112,3,3.733648722852734,4,1,0
112,4,5.262123955381154,4,1,1
112,5,5.38494865566702,4,1,1
112,6,6.389974472466461,4,1,1
112,7,7.101973746920451,4,1,1
112,8,8.33858298658838,4,1,1
113,1,-0.2161169949127708,4,1,0
113,2,0.7621499716487651,4,1,0
113,3,1.1222366695038775,4,1,0
113,4,3.610322924229669,4,1,1
113,5,4.357213217571872,4,1,1
113,6,5.160366322908645,4,1,1
113,7,4.498322318018804,4,1,1
113,8,6.0700798627752945,4,1,1
114,1,-3.84239016558005,4,1,0
114,2,-3.3627366150911207,4,1,0
114,3,-2.3376539915841077,4,1,0
114,4,0.23339706738161248,4,1,1
114,5,0.44096739514723593,4,1,1
114,6,0.7893993323226021,4,1,1
114,7,1.982160427293921,4,1,1
114,8,2.175621052358895,4,1,1
115,1,0.990282855593686,4,1,0
115,2,0.7183290241185905,4,1,0
115,3,1.9000540167345528,4,1,0
115,4,4.335915381459453,4,1,1
115,5,4.219818788547892,4,1,1
115,6,5.8841617612220025,4,1,1
115,7,6.446497869799055,4,1,1
115,8,6.848177640799631,4,1,1
116,1,-1.4542499253430894,4,1,0
116,2,-0.7934782045068156,4,1,0
116,3,0.24665031559067557,4,1,0
116,4,1.9975405002439968,4,1,1
116,5,3.3941092082546307,4,1,1
116,6,3.2544753195054987,4,1,1
116,7,4.473318791725271,4,1,1
116,8,5.3301769612317,4,1,1
117,1,4.701602462357649,4,1,0
117,2,6.6262675733629,4,1,0
117,3,6.465181497111473,4,1,0
117,4,9.095846249125815,4,1,1
117,5,9.649434246811936,4,1,1
117,6,10.51262369921545,4,1,1
117,7,10.913417737936824,4,1,1
117,8,12.417285380846563,4,1,1
118,1,0.15317499764017906,4,1,0
118,2,-0.23512584855595625,4,1,0
118,3,0.5569317883499117,4,1,0
118,4,2.5510764354054456,4,1,1
118,5,4.014569571724315,4,1,1
118,6,5.209620690013822,4,1,1
118,7,5.148379621640128,4,1,1
118,8,5.7886148621986,4,1,1
119,1,-1.8438802529120077,4,1,0
119,2,-2.0256310559966173,4,1,0
119,3,-1.1856729194952673,4,1,0
119,4,1.884159096918714,4,1,1
119,5,3.1302726727348444,4,1,1
119,6,4.575371504478898,4,1,1
119,7,3.577473531328696,4,1,1
119,8,5.288416152186866,4,1,1
120,1,0.9118811374301078,4,1,0
120,2,1.7038021866663717,4,1,0
120,3,2.018463202643275,4,1,0
120,4,4.542702823609405,4,1,1
120,5,4.983338379389962,4,1,1
120,6,5.188450130903871,4,1,1
120,7,5.815692359542255,4,1,1
120,8,7.614127402443909,4,1,1
121,1,-0.3514446299995101,4,1,0
121,2,0.45085263319015,4,1,0
121,3,1.344065946286387,4,1,0
121,4,3.536781791341772,4,1,1
121,5,3.8185723515080894,4,1,1
121,6,5.459746297653047,4,1,1
121,7,6.33619257131939,4,1,1
121,8,6.493878147489999,4,1,1
122,1,3.0683070210950856,4,1,0
122,2,3.512376680890437,4,1,0
122,3,3.754376611244492,4,1,0
122,4,6.246500546225621,4,1,1
122,5,6.907157309361431,4,1,1
122,6,6.798658185414658,4,1,1
122,7,8.397688601117972,4,1,1
122,8,8.069420037124901,4,1,1
123,1,-0.4374163763460661,4,1,0
123,2,-0.16908882890301108,4,1,0
123,3,0.6545002345928215,4,1,0
123,4,2.274963897906244,4,1,1
123,5,2.534676669111507,4,1,1
123,6,3.6905824912147183,4,1,1
123,7,4.561816738370177,4,1,1
123,8,5.250295447919895,4,1,1
124,1,2.5867257450116803,4,1,0
124,2,3.4433781934148655,4,1,0
124,3,3.2730473827961,4,1,0
124,4,6.492519596535311,4,1,1
124,5,6.968915232606222,4,1,1
124,6,7.292454288371145,4,1,1
124,7,8.249446276425976,4,1,1
124,8,8.975273084255793,4,1,1
125,1,0.8453603624596494,4,1,0
125,2,0.41046674017186785,4,1,0
125,3,0.8377416862371387,4,1,0
125,4,2.410964262520737,4,1,1
125,5,3.7125860653360694,4,1,1
125,6,4.728153029097631,4,1,1
125,7,5.216763403237487,4,1,1
125,8,6.950543538014706,4,1,1
126,1,0.814346573866689,4,1,0
126,2,0.7009767662327467,4,1,0
126,3,1.188738367418351,4,1,0
126,4,3.625726225351312,4,1,1
126,5,4.372022575018292,4,1,1
126,6,5.929521950732492,4,1,1
126,7,4.610319085831954,4,1,1
126,8,5.469351576988222,4,1,1
127,1,-0.5790777211434432,4,1,0
127,2,0.25871055026977846,4,1,0
127,3,0.6502019369015098,4,1,0
127,4,2.721535381447487,4,1,1
127,5,4.123180184508653,4,1,1
127,6,4.828756039464138,4,1,1
127,7,5.105687253523556,4,1,1
127,8,6.194987124131193,4,1,1
128,1,0.7645490134728158,4,1,0
128,2,1.89419894636426,4,1,0
128,3,2.1005970881535965,4,1,0
128,4,4.545960450241501,4,1,1
128,5,5.981767312959045,4,1,1
128,6,4.719854462594213,4,1,1
128,7,5.936448441784473,4,1,1
128,8,6.751755313677072,4,1,1
129,1,-0.35382538002062625,4,1,0
129,2,-0.48018411902413494,4,1,0
129,3,0.2808996887069756,4,1,0
129,4,2.8430578656006036,4,1,1
129,5,5.202190750900335,4,1,1
129,6,5.574349678735961,4,1,1
129,7,5.167603996020064,4,1,1
129,8,5.891687059708989,4,1,1
130,1,-2.752473200989222,4,1,0
130,2,-1.3568480875808502,4,1,0
130,3,-1.297333985998601,4,1,0
130,4,1.6591667397924068,4,1,1
130,5,1.6014890811016733,4,1,1
130,6,2.720604776468283,4,1,1
130,7,3.875905553274827,4,1,1
130,8,4.68469680451538,4,1,1
131,1,0.6746994254055105,4,1,0
131,2,2.26228678255181,4,1,0
131,3,1.934838069183104,4,1,0
131,4,5.151372874787683,4,1,1
131,5,5.529624579174933,4,1,1
131,6,5.5467501679450555,4,1,1
131,7,6.776845065193434,4,1,1
131,8,7.817625788515913,4,1,1
132,1,1.6554368122269887,4,1,0
132,2,2.991820206249724,4,1,0
132,3,3.2296861464424773,4,1,0
132,4,5.097603702749321,4,1,1
132,5,6.30099166701767,4,1,1
132,6,7.59282750354329,4,1,1
132,7,8.306173061340711,4,1,1
132,8,7.411930820537949,4,1,1
133,1,-0.6106068289473758,4,1,0
133,2,-1.38220674773312,4,1,0
133,3,-1.014336788960141,4,1,0
133,4,1.9038367123361752,4,1,1
133,5,3.0570471324229915,4,1,1
133,6,3.4957354243801504,4,1,1
133,7,3.9216519674829033,4,1,1
133,8,4.609827546823444,4,1,1
134,1,-1.3644289431548886,4,1,0
134,2,0.7161423098126134,4,1,0
134,3,0.22408140676736002,4,1,0
134,4,3.0187053983769516,4,1,1
134,5,3.0307871371151207,4,1,1
134,6,3.882347532581558,4,1,1
134,7,4.318548880489405,4,1,1
134,8,4.049471703714982,4,1,1
135,1,-3.1613278936859297,4,1,0
135,2,-2.880910442671536,4,1,0
135,3,-1.8536980408447838,4,1,0
135,4,1.906459285995083,4,1,1
135,5,1.9217633624520905,4,1,1
135,6,3.2892633274648544,4,1,1
135,7,3.5494727347547053,4,1,1
135,8,4.435260859161847,4,1,1
136,1,-1.0398185135128148,4,1,0
136,2,-0.4374368735719773,4,1,0
136,3,-0.5901176367259967,4,1,0
136,4,2.477976194698933,4,1,1
136,5,3.181299888678266,4,1,1
136,6,3.3234296988258083,4,1,1
136,7,3.736821793255352,4,1,1
136,8,4.406141843441714,4,1,1
137,1,0.8365160182375809,4,1,0
137,2,0.7767481686139663,4,1,0
137,3,1.686303754505973,4,1,0
137,4,4.458279601912166,4,1,1
137,5,5.182106441175574,4,1,1
137,6,6.348951143904167,4,1,1
137,7,6.911501499941946,4,1,1
137,8,6.4723653674646515,4,1,1
138,1,3.601684166798188,4,1,0
138,2,4.889608825303259,4,1,0
138,3,4.90116573210159,4,1,0
138,4,7.161097729847561,4,1,1
138,5,7.163323989188578,4,1,1
138,6,8.68139016396787,4,1,1
138,7,8.68748080142324,4,1,1
138,8,10.650822036997432,4,1,1
139,1,3.135129819630151,4,1,0
139,2,4.184570685538132,4,1,0
139,3,4.170889553274509,4,1,0
139,4,6.719342949210101,4,1,1
139,5,8.120832666211182,4,1,1
139,6,8.414316183356789,4,1,1
139,7,10.003409335244003,4,1,1
139,8,9.592469074927035,4,1,1
140,1,2.5473793714278696,4,1,0
140,2,3.396561669821095,4,1,0
140,3,3.275093836284005,4,1,0
140,4,5.973893246173187,4,1,1
140,5,6.640923225299511,4,1,1
140,6,6.980644107526086,4,1,1
140,7,8.429713432239854,4,1,1
140,8,9.123797167738159,4,1,1
141,1,2.4555922167699555,4,1,0
141,2,2.911781790429285,4,1,0
141,3,2.4996370448865655,4,1,0
141,4,5.373635549028222,4,1,1
141,5,5.575309045182027,4,1,1
141,6,6.59878704786841,4,1,1
141,7,6.987234665251702,4,1,1
141,8,8.797144544379158,4,1,1
142,1,1.1183817366337145,4,1,0
142,2,2.3242055866141142,4,1,0
142,3,1.1420885957882199,4,1,0
142,4,3.7203450032532808,4,1,1
142,5,5.8253156282958125,4,1,1
142,6,6.157630524744609,4,1,1
142,7,6.952619450816306,4,1,1
142,8,6.864198249026651,4,1,1
143,1,1.4552872834999386,4,1,0
143,2,1.365632388197199,4,1,0
143,3,1.5383858508706736,4,1,0
143,4,3.734005623246799,4,1,1
143,5,4.456246152364571,4,1,1
143,6,4.2889336336992585,4,1,1
143,7,6.182352788759848,4,1,1
143,8,7.176274132540195,4,1,1
144,1,-2.9819471004946383,4,1,0
144,2,-2.7299709704579413,4,1,0
144,3,-2.1339142517456122,4,1,0
144,4,0.8755021590697198,4,1,1
144,5,0.5065602681645327,4,1,1
144,6,2.5558965648373015,4,1,1
144,7,3.325688880625611,4,1,1
144,8,3.523210051640313,4,1,1
145,1,-4.959626332970278,4,1,0
145,2,-3.344966052917735,4,1,0
145,3,-4.8504141603333695,4,1,0
145,4,-1.1351787260658428,4,1,1
145,5,-0.8514174092027126,4,1,1
145,6,0.840868130823335,4,1,1
145,7,0.8010260039591861,4,1,1
145,8,2.040559990398722,4,1,1
146,1,2.549033758203196,4,1,0
146,2,2.029449866500501,4,1,0
146,3,2.8189430231494916,4,1,0
146,4,4.388393098774468,4,1,1
146,5,6.426127619985058,4,1,1
146,6,6.1506664143025045,4,1,1
146,7,6.950543756294313,4,1,1
146,8,7.919796940913581,4,1,1
147,1,-2.51138367621523,4,1,0
147,2,-1.6420355542171938,4,1,0
147,3,-1.4793017789310534,4,1,0
147,4,0.07978252723093837,4,1,1
147,5,1.5123266621554714,4,1,1
147,6,2.645245760810046,4,1,1
147,7,2.035236926337347,4,1,1
147,8,3.136848302411444,4,1,1
148,1,2.3881349252616833,4,1,0
148,2,2.959072999226417,4,1,0
148,3,4.1828346119746955,4,1,0
148,4,5.987363597416141,4,1,1
148,5,6.782031213379629,4,1,1
148,6,8.508459971772202,4,1,1
148,7,7.746184929117794,4,1,1
148,8,8.15414582635379,4,1,1
149,1,1.5750883111887128,4,1,0
149,2,1.5922351005211612,4,1,0
149,3,1.8393942867168416,4,1,0
149,4,6.010515007539305,4,1,1
149,5,5.719014531688276,4,1,1
149,6,5.889450105793228,4,1,1
149,7,7.4135579476340645,4,1,1
149,8,7.601020220713599,4,1,1
150,1,0.2753735433215841,4,1,0
150,2,-0.15170402675150751,4,1,0
150,3,1.1705507093229237,4,1,0
150,4,4.450714511230213,4,1,1
150,5,4.427325938462992,4,1,1
150,6,4.706131055472605,4,1,1
150,7,5.340684467150217,4,1,1
150,8,6.089067120691782,4,1,1
151,1,-0.1968286224746981,4,1,0
151,2,0.9502303644417213,4,1,0
151,3,0.12547009229994632,4,1,0
151,4,3.923074669110505,4,1,1
151,5,4.002231381333157,4,1,1
151,6,5.080548536752124,4,1,1
151,7,5.028580688804006,4,1,1
151,8,6.956390177329156,4,1,1
152,1,3.4710651832187827,5,1,0
152,2,2.7338925324469763,5,1,0
152,3,4.405830455876773,5,1,0
152,4,4.6936974641616,5,1,0
152,5,6.188634296777463,5,1,1
152,6,7.679121228458339,5,1,1
152,7,8.573537164860376,5,1,1
152,8,9.369307557255322,5,1,1
153,1,1.0001384423214013,5,1,0
153,2,2.091328430024259,5,1,0
153,3,2.4675396888530514,5,1,0
153,4,0.9209952570063396,5,1,0
153,5,4.69580345647887,5,1,1
153,6,5.472197220125735,5,1,1
153,7,5.378473447534225,5,1,1
153,8,7.001614263013868,5,1,1
154,1,2.454231615025718,5,1,0
154,2,3.665716014165949,5,1,0
154,3,3.5396038061727944,5,1,0
154,4,4.161559532981174,5,1,0
154,5,7.736212361906031,5,1,1
154,6,7.426236634765101,5,1,1
154,7,8.628621789326326,5,1,1
154,8,8.161906486790519,5,1,1
155,1,4.525961345943009,5,1,0
155,2,4.633385201464629,5,1,0
155,3,5.512408377789707,5,1,0
155,4,5.019725408315855,5,1,0
155,5,8.815900493666089,5,1,1
155,6,8.762642735041544,5,1,1
155,7,9.522600365265543,5,1,1
155,8,10.078807315307017,5,1,1
156,1,-0.3139674996769651,5,1,0
156,2,-0.03334938043905794,5,1,0
156,3,0.6645712652103506,5,1,0
156,4,0.8342998497660449,5,1,0
156,5,3.595297100047421,5,1,1
156,6,3.829272822546312,5,1,1
156,7,5.853563115213605,5,1,1
156,8,4.654731986293582,5,1,1
157,1,3.705828372486454,5,1,0
157,2,3.0957952441431718,5,1,0
157,3,5.136511452403956,5,1,0
157,4,5.019619788598629,5,1,0
157,5,7.507444150537425,5,1,1
157,6,7.735885740638908,5,1,1
157,7,8.313261568016632,5,1,1
157,8,9.017170233606166,5,1,1
158,1,1.9816543301559824,5,1,0
158,2,1.871718301569744,5,1,0
158,3,1.825339381070389,5,1,0
158,4,3.193274723831524,5,1,0
158,5,5.741636565836431,5,1,1
158,6,6.308390956862927,5,1,1
158,7,7.053810645901526,5,1,1
158,8,7.2455971275601305,5,1,1
159,1,-1.792075049581549,5,1,0
159,2,-1.675709958490088,5,1,0
159,3,-0.23950402848818422,5,1,0
159,4,0.1002972741255441,5,1,0
159,5,2.4220278134739863,5,1,1
159,6,1.864212253566306,5,1,1
159,7,3.4183629308917567,5,1,1
159,8,5.302441991440425,5,1,1
160,1,-0.6489561612978413,5,1,0
160,2,-1.02459471511389,5,1,0
160,3,0.8901007410533536,5,1,0
160,4,0.5987341698463998,5,1,0
160,5,3.3157681981155056,5,1,1
160,6,5.03363789581458,5,1,1
160,7,5.32896805016844,5,1,1
160,8,5.1174651892302085,5,1,1
161,1,-0.8492128755004843,5,1,0
161,2,0.0685087544975494,5,1,0
161,3,0.26094756313384604,5,1,0
161,4,0.6159375577575458,5,1,0
161,5,4.047150255613803,5,1,1
161,6,3.9564546843703634,5,1,1
161,7,5.863354176777941,5,1,1
161,8,5.458930912135369,5,1,1
162,1,4.249296499804768,5,1,0
162,2,5.05211707507418,5,1,0
162,3,4.708331262690593,5,1,0
162,4,5.1437571771557495,5,1,0
162,5,8.300489765956948,5,1,1
162,6,9.264913409682112,5,1,1
162,7,9.490765039449688,5,1,1
162,8,9.527440120907606,5,1,1
163,1,-2.934084933671775,5,1,0
163,2,-2.6043277890483445,5,1,0
163,3,-1.1657740528551104,5,1,0
163,4,-0.1579947717246415,5,1,0
163,5,1.7727753739589416,5,1,1
163,6,1.3492758887524199,5,1,1
163,7,3.0841030372540716,5,1,1
163,8,3.7980837691050424,5,1,1
164,1,3.9634285439911006,5,1,0
164,2,4.996658699151281,5,1,0
164,3,6.544923840723161,5,1,0
164,4,6.416986671124152,5,1,0
164,5,8.97365403720909,5,1,1
164,6,9.449289718962818,5,1,1
164,7,10.25696926977951,5,1,1
164,8,11.180802265590145,5,1,1
165,1,-0.6799433483314328,5,1,0
165,2,-1.3054741462283022,5,1,0
165,3,0.045211348630236375,5,1,0
165,4,0.4703978438576309,5,1,0
165,5,2.5728808181184135,5,1,1
165,6,3.569684724551644,5,1,1
165,7,3.9697572858816907,5,1,1
165,8,4.4451766987835954,5,1,1
166,1,-0.7592238009131195,5,1,0
166,2,0.4541692488193353,5,1,0
166,3,0.21772776969652952,5,1,0
166,4,1.648759028268237,5,1,0
166,5,3.202030982808301,5,1,1
166,6,4.209623058982209,5,1,1
166,7,4.8804688126651214,5,1,1
166,8,6.555343881210131,5,1,1
167,1,1.0547129899609866,5,1,0
167,2,1.9099396117680454,5,1,0
167,3,1.1069837175683395,5,1,0
167,4,2.6390130964127296,5,1,0
167,5,6.159336980135565,5,1,1
167,6,5.92675314443452,5,1,1
167,7,6.5945364758178515,5,1,1
167,8,7.534644081054282,5,1,1
168,1,1.2924771401837614,5,1,0
168,2,1.9500472457331777,5,1,0
168,3,3.3963561321717646,5,1,0
168,4,3.4337722056799365,5,1,0
168,5,6.947223117738647,5,1,1
168,6,6.833623291686079,5,1,1
168,7,6.723945118772132,5,1,1
168,8,7.757203528206691,5,1,1
169,1,-5.116414807902607,5,1,0
169,2,-4.593544102893342,5,1,0
169,3,-4.2115833941520995,5,1,0
169,4,-2.9599125197462817,5,1,0
169,5,-0.400092121002804,5,1,1
169,6,-0.38454625093920625,5,1,1
169,7,-0.6666988729995789,5,1,1
169,8,1.4092887509849785,5,1,1
170,1,1.7654162420956234,5,1,0
170,2,2.601460331671209,5,1,0
170,3,2.028306408786631,5,1,0
170,4,4.11509815010972,5,1,0
170,5,5.131006580446217,5,1,1
170,6,6.685331920617578,5,1,1
170,7,6.167046609810475,5,1,1
170,8,7.2455881133821265,5,1,1
171,1,3.4022873819502473,5,1,0
171,2,4.452698596017072,5,1,0
171,3,4.651214987810295,5,1,0
171,4,4.980258215450586,5,1,0
171,5,8.214662455917017,5,1,1
171,6,8.114407881124722,5,1,1
171,7,8.042368239668939,5,1,1
171,8,9.23111724747482,5,1,1
172,1,1.8001380105846425,5,1,0
172,2,1.3188543322856696,5,1,0
172,3,2.240212197699288,5,1,0
172,4,2.8115227828022653,5,1,0
172,5,5.419648660346276,5,1,1
172,6,5.614426663102613,5,1,1
172,7,6.6881979033436485,5,1,1
172,8,7.338078214773626,5,1,1
173,1,2.4476271750189604,5,1,0
173,2,2.470161290479431,5,1,0
173,3,2.847046621588473,5,1,0
173,4,3.6130286755433954,5,1,0
173,5,5.634778965796051,5,1,1
173,6,6.1696504784401185,5,1,1
173,7,6.972955915060981,5,1,1
173,8,7.82565993753811,5,1,1
174,1,-1.7459178200531047,5,1,0
174,2,-0.9620897626926879,5,1,0
174,3,-1.6204967499836629,5,1,0
174,4,-0.31438324397652545,5,1,0
174,5,2.06308450278229,5,1,1
174,6,3.0438067431838594,5,1,1
174,7,3.566583016363664,5,1,1
174,8,3.5462527604496428,5,1,1
175,1,-2.0100668099218444,5,1,0
175,2,-1.0103881378415762,5,1,0
175,3,-2.1318722832358326,5,1,0
175,4,-0.3519153078135409,5,1,0
175,5,2.5700324049294907,5,1,1
175,6,2.598708464182563,5,1,1
175,7,3.6503226502988895,5,1,1
175,8,3.7236868618367676,5,1,1
176,1,-0.5491891577078294,5,1,0
176,2,-0.41090405276319053,5,1,0
176,3,1.7326505020588838,5,1,0
176,4,1.2687701375840255,5,1,0
176,5,4.03350367894453,5,1,1
176,6,4.26804647481115,5,1,1
176,7,4.956282749904308,5,1,1
176,8,6.274348751398938,5,1,1
177,1,-0.7701688892739438,5,1,0
177,2,-0.232885178781497,5,1,0
177,3,0.20127043489101062,5,1,0
177,4,0.6601460071929289,5,1,0
177,5,3.82972971419465,5,1,1
177,6,3.207048727206264,5,1,1
177,7,4.413378178627247,5,1,1
177,8,5.707190521988502,5,1,1
178,1,2.3181977940037863,5,1,0
178,2,3.3729018978481378,5,1,0
178,3,4.708140166609704,5,1,0
178,4,4.783119171275606,5,1,0
178,5,7.1267111344159595,5,1,1
178,6,7.620237271958745,5,1,1
178,7,8.2371791558222,5,1,1
178,8,9.273189150221235,5,1,1
179,1,-0.026037560491188813,5,1,0
179,2,0.5345511030885519,5,1,0
179,3,0.6562159857842838,5,1,0
179,4,1.7613164369717524,5,1,0
179,5,5.452374074238743,5,1,1
179,6,3.8067584303679958,5,1,1
179,7,5.557258012126023,5,1,1
179,8,5.715156705721581,5,1,1
180,1,1.6780838917024303,5,1,0
180,2,2.5357325420597316,5,1,0
180,3,3.24255844329289,5,1,0
180,4,3.2510157139225906,5,1,0
180,5,6.220831299245589,5,1,1
180,6,5.182656208144161,5,1,1
180,7,7.850031303996511,5,1,1
180,8,7.942336230984671,5,1,1
181,1,2.045748839069603,5,1,0
181,2,2.740301770687696,5,1,0
181,3,3.728655858562751,5,1,0
181,4,4.1471677668216325,5,1,0
181,5,6.797221005495358,5,1,1
181,6,7.897944291955347,5,1,1
181,7,7.173076553838938,5,1,1
181,8,9.242596247349018,5,1,1
182,1,0.4146728893535801,5,1,0
182,2,0.2810062027234088,5,1,0
182,3,1.7680881541042865,5,1,0
182,4,0.8095098944003354,5,1,0
182,5,4.84076082553521,5,1,1
182,6,4.470510902179358,5,1,1
182,7,5.943292776224592,5,1,1
182,8,6.556979401251893,5,1,1
183,1,2.7497487100808224,5,1,0
183,2,2.9920070140149346,5,1,0
183,3,3.585774946602166,5,1,0
183,4,4.975517678965099,5,1,0
183,5,7.107224779178215,5,1,1
183,6,7.3462613038261875,5,1,1
183,7,8.120853084605512,5,1,1
183,8,8.155487749295045,5,1,1
184,1,0.39704054785534904,5,1,0
184,2,2.15284663462081,5,1,0
184,3,2.3412591979487147,5,1,0
184,4,3.970424301490043,5,1,0
184,5,4.72688062484093,5,1,1
184,6,5.925617356182765,5,1,1
184,7,7.576092252164614,5,1,1
184,8,7.972643221848789,5,1,1
185,1,-0.7804403889730755,5,1,0
185,2,-0.3914244249522559,5,1,0
185,3,0.2485538305372791,5,1,0
185,4,0.25823567884778564,5,1,0
185,5,3.062915695489833,5,1,1
185,6,3.008549709201844,5,1,1
185,7,4.575137622774242,5,1,1
185,8,5.432586233551117,5,1,1
186,1,-0.7623642705801619,5,1,0
186,2,1.0394271061379632,5,1,0
186,3,1.2274236937086331,5,1,0
186,4,1.1821536258617436,5,1,0
186,5,3.9048609512932004,5,1,1
186,6,3.9948264733213126,5,1,1
186,7,4.93245611082328,5,1,1
186,8,5.876255501533662,5,1,1
187,1,2.6370899291165646,5,1,0
187,2,3.776948454224682,5,1,0
187,3,3.6876835231295124,5,1,0
187,4,4.58081540498624,5,1,0
187,5,6.886143873488402,5,1,1
187,6,8.093369924606675,5,1,1
187,7,8.089435955451025,5,1,1
187,8,8.270577499559082,5,1,1
188,1,-2.529836809698644,5,1,0
188,2,-2.3884280480662916,5,1,0
188,3,-1.0587920548874896,5,1,0
188,4,-0.9967821451563043,5,1,0
188,5,2.9234052122859504,5,1,1
188,6,1.5672446397041688,5,1,1
188,7,3.2379185266276354,5,1,1
188,8,3.2721254255199,5,1,1
189,1,-0.41609294409508507,5,1,0
189,2,-1.1494883682025006,5,1,0
189,3,0.6316103776286566,5,1,0
189,4,1.9646510503717267,5,1,0
189,5,3.2864781700503465,5,1,1
189,6,4.343101247637398,5,1,1
189,7,5.425658165797342,5,1,1
189,8,5.531220569221145,5,1,1
190,1,-1.7997885789238426,5,1,0
190,2,0.1585749826345202,5,1,0
190,3,0.28149541807258494,5,1,0
190,4,0.33173769724295266,5,1,0
190,5,3.4013779780758804,5,1,1
190,6,3.7462394445339426,5,1,1
190,7,4.473866557379271,5,1,1
190,8,5.741225200991388,5,1,1
191,1,-1.6531071796108097,5,1,0
191,2,-2.3756079042068907,5,1,0
191,3,-1.5081155268253208,5,1,0
191,4,0.28470827438559965,5,1,0
191,5,2.386912558173522,5,1,1
191,6,2.572037173600031,5,1,1
191,7,2.7529700696017025,5,1,1
191,8,3.6585990240023643,5,1,1
192,1,0.665312245341192,5,1,0
192,2,1.1011151643584114,5,1,0
192,3,1.6311343721293006,5,1,0
192,4,2.039363074318836,5,1,0
192,5,3.9255612613513864,5,1,1
192,6,5.088295258090977,5,1,1
192,7,6.503862656164816,5,1,1
192,8,6.062383480395835,5,1,1
193,1,-0.288987987463979,5,1,0
193,2,0.6765641916204986,5,1,0
193,3,0.9265723863880339,5,1,0
193,4,2.3595858094087774,5,1,0
193,5,4.37418055401657,5,1,1
193,6,4.1649873940328375,5,1,1
193,7,5.856502982728292,5,1,1
193,8,5.833563048790412,5,1,1
194,1,-0.49708323270150623,5,1,0
194,2,-0.39986645262013454,5,1,0
194,3,0.7924351654064106,5,1,0
194,4,0.45875222648823516,5,1,0
194,5,3.0365339809492515,5,1,1
194,6,3.7178218104708787,5,1,1
194,7,4.463187883067414,5,1,1
194,8,5.995603035018839,5,1,1
195,1,2.6125645642266417,5,1,0
195,2,3.3914146891702335,5,1,0
195,3,2.2422340712544364,5,1,0
195,4,3.2928021508842504,5,1,0
195,5,5.16949242889889,5,1,1
195,6,6.068789623346473,5,1,1
195,7,6.842551332092771,5,1,1
195,8,7.32901515015147,5,1,1
196,1,-1.6759167350569548,5,1,0
196,2,-1.7121337549900308,5,1,0
196,3,-0.18271106622801092,5,1,0
196,4,-0.5626513145055845,5,1,0
196,5,3.8010099392513688,5,1,1
196,6,2.8705332287209755,5,1,1
196,7,3.832234275161699,5,1,1
196,8,3.8485548619701553,5,1,1
197,1,4.471933856656737,5,1,0
197,2,4.560641451623336,5,1,0
197,3,4.238782241865496,5,1,0
197,4,5.517516955117589,5,1,0
197,5,7.351467993246652,5,1,1
197,6,9.343361147991958,5,1,1
197,7,9.716780882181865,5,1,1
197,8,10.059903035499147,5,1,1
198,1,-4.86445931582416,5,1,0
198,2,-3.5288707606947085,5,1,0
198,3,-2.766309480633067,5,1,0
198,4,-2.318166420748579,5,1,0
198,5,-1.1687578276153725,5,1,1
198,6,0.4780248269118075,5,1,1
198,7,1.53500628174682,5,1,1
198,8,0.8980808907142328,5,1,1
199,1,0.6211121684077554,5,1,0
199,2,0.8338086768301599,5,1,0
199,3,0.5581100415529265,5,1,0
199,4,1.821341914216663,5,1,0
199,5,4.320538254126015,5,1,1
199,6,5.11015476697965,5,1,1
199,7,5.602455256540993,5,1,1
199,8,6.362684892632793,5,1,1
