unit,time,first_treat,x,y,d
1,1,5,0.0619784,-1.59798253,0
1,2,5,0.0619784,-1.52627612,0
1,3,5,0.0619784,-1.47772199,0
1,4,5,0.0619784,-1.43535074,0
1,5,5,0.0619784,0.5649883,1
1,6,5,0.0619784,0.60370807,1
1,7,5,0.0619784,0.65067989,1
1,8,5,0.0619784,0.72669429,1
1,9,5,0.0619784,0.7980041,1
1,10,5,0.0619784,0.82746107,1
1,11,5,0.0619784,0.92154498,1
1,12,5,0.0619784,0.92395958,1
1,13,5,0.0619784,0.93183999,1
1,14,5,0.0619784,1.00056904,1
2,1,5,0.65736913,0.38047965,0
2,2,5,0.65736913,0.55596233,0
2,3,5,0.65736913,0.83815501,0
2,4,5,0.65736913,1.02382106,0
2,5,5,0.65736913,3.26572812,1
2,6,5,0.65736913,3.52920877,1
2,7,5,0.65736913,3.76577671,1
2,8,5,0.65736913,3.9713327,1
2,9,5,0.65736913,4.18295648,1
2,10,5,0.65736913,4.45709044,1
2,11,5,0.65736913,4.69669344,1
2,12,5,0.65736913,4.90749324,1
2,13,5,0.65736913,5.16012842,1
2,14,5,0.65736913,5.39255219,1
3,1,5,1.21564633,0.33251432,0
3,2,5,1.21564633,0.65499706,0
3,3,5,1.21564633,1.05079385,0
3,4,5,1.21564633,1.3506669,0
3,5,5,1.21564633,3.65835611,1
3,6,5,1.21564633,4.02131486,1
3,7,5,1.21564633,4.33357149,1
3,8,5,1.21564633,4.72262335,1
3,9,5,1.21564633,5.03430878,1
3,10,5,1.21564633,5.37009223,1
3,11,5,1.21564633,5.67865626,1
3,12,5,1.21564633,6.03268207,1
3,13,5,1.21564633,6.39183666,1
3,14,5,1.21564633,6.66193614,1
4,1,5,2.6461679,0.14122941,0
4,2,5,2.6461679,0.93350853,0
4,3,5,2.6461679,1.69030628,0
4,4,5,2.6461679,2.5977661,0
4,5,5,2.6461679,5.35034265,1
4,6,5,2.6461679,6.18673203,1
4,7,5,2.6461679,6.9652389,1
4,8,5,2.6461679,7.75381914,1
4,9,5,2.6461679,8.56808641,1
4,10,5,2.6461679,9.45542808,1
4,11,5,2.6461679,10.28120835,1
4,12,5,2.6461679,11.064938,1
4,13,5,2.6461679,11.81215469,1
4,14,5,2.6461679,12.65756657,1
5,1,5,2.09149197,0.83846805,0
5,2,5,2.09149197,1.38464557,0
5,3,5,2.09149197,2.0126814,0
5,4,5,2.09149197,2.66333951,0
5,5,5,2.09149197,5.24974434,1
5,6,5,2.09149197,5.86244331,1
5,7,5,2.09149197,6.47885123,1
5,8,5,2.09149197,7.04855436,1
5,9,5,2.09149197,7.69673647,1
5,10,5,2.09149197,8.28678262,1
5,11,5,2.09149197,8.8741409,1
5,12,5,2.09149197,9.46215496,1
5,13,5,2.09149197,10.140564,1
5,14,5,2.09149197,10.68088998,1
6,1,5,1.82314769,-0.07559539,0
6,2,5,1.82314769,0.46698753,0
6,3,5,1.82314769,1.00120045,0
6,4,5,1.82314769,1.61740068,0
6,5,5,1.82314769,4.13300594,1
6,6,5,1.82314769,4.73614101,1
6,7,5,1.82314769,5.22815521,1
6,8,5,1.82314769,5.82035717,1
6,9,5,1.82314769,6.31762669,1
6,10,5,1.82314769,6.96464463,1
6,11,5,1.82314769,7.47195508,1
6,12,5,1.82314769,8.00460021,1
6,13,5,1.82314769,8.57598633,1
6,14,5,1.82314769,9.09139995,1
7,1,5,1.11430533,-0.67679771,0
7,2,5,1.11430533,-0.29650171,0
7,3,5,1.11430533,0.0334142,0
7,4,5,1.11430533,0.37557146,0
7,5,5,1.11430533,2.68045595,1
7,6,5,1.11430533,3.12140448,1
7,7,5,1.11430533,3.45869282,1
7,8,5,1.11430533,3.79318919,1
7,9,5,1.11430533,4.18961833,1
7,10,5,1.11430533,4.51383963,1
7,11,5,1.11430533,4.94423734,1
7,12,5,1.11430533,5.2172892,1
7,13,5,1.11430533,5.57686051,1
7,14,5,1.11430533,5.94371125,1
8,1,5,0.18125616,0.10172873,0
8,2,5,0.18125616,0.11965237,0
8,3,5,0.18125616,0.16518538,0
8,4,5,0.18125616,0.26254506,0
8,5,5,0.18125616,2.39479531,1
8,6,5,0.18125616,2.49548195,1
8,7,5,0.18125616,2.58514595,1
8,8,5,0.18125616,2.6487408,1
8,9,5,0.18125616,2.69642823,1
8,10,5,0.18125616,2.80027309,1
8,11,5,0.18125616,2.87442813,1
8,12,5,0.18125616,2.91441279,1
8,13,5,0.18125616,2.97055854,1
8,14,5,0.18125616,3.10453609,1
9,1,5,0.08424425,-0.3517667,0
9,2,5,0.08424425,-0.29629018,0
9,3,5,0.08424425,-0.35228664,0
9,4,5,0.08424425,-0.28739137,0
9,5,5,0.08424425,1.74548241,1
9,6,5,0.08424425,1.73209131,1
9,7,5,0.08424425,1.78792241,1
9,8,5,0.08424425,1.83998869,1
9,9,5,0.08424425,1.82736338,1
9,10,5,0.08424425,1.87922359,1
9,11,5,0.08424425,1.85391412,1
9,12,5,0.08424425,1.96037724,1
9,13,5,0.08424425,1.97217235,1
9,14,5,0.08424425,1.96498664,1
10,1,5,0.02663859,0.40738306,0
10,2,5,0.02663859,0.4623977,0
10,3,5,0.02663859,0.47033454,0
10,4,5,0.02663859,0.4412097,0
10,5,5,0.02663859,2.56857834,1
10,6,5,0.02663859,2.5825816,1
10,7,5,0.02663859,2.57376204,1
10,8,5,0.02663859,2.63423355,1
10,9,5,0.02663859,2.68622431,1
10,10,5,0.02663859,2.68704927,1
10,11,5,0.02663859,2.74094222,1
10,12,5,0.02663859,2.79544999,1
10,13,5,0.02663859,2.83966723,1
10,14,5,0.02663859,2.80862978,1
11,1,5,1.54096723,0.20395887,0
11,2,5,1.54096723,0.60806005,0
11,3,5,1.54096723,1.04498675,0
11,4,5,1.54096723,1.5505272,0
11,5,5,1.54096723,3.89704921,1
11,6,5,1.54096723,4.35118279,1
11,7,5,1.54096723,4.74459683,1
11,8,5,1.54096723,5.22891687,1
11,9,5,1.54096723,5.6520534,1
11,10,5,1.54096723,6.08143056,1
11,11,5,1.54096723,6.52405468,1
11,12,5,1.54096723,6.93956961,1
11,13,5,1.54096723,7.38123571,1
11,14,5,1.54096723,7.82127972,1
12,1,5,1.21737111,-0.64425019,0
12,2,5,1.21737111,-0.27520081,0
12,3,5,1.21737111,0.10637152,0
12,4,5,1.21737111,0.43171935,0
12,5,5,1.21737111,2.80187323,1
12,6,5,1.21737111,3.23343585,1
12,7,5,1.21737111,3.60106621,1
12,8,5,1.21737111,3.96057988,1
12,9,5,1.21737111,4.36560138,1
12,10,5,1.21737111,4.69971872,1
12,11,5,1.21737111,5.07748057,1
12,12,5,1.21737111,5.46235658,1
12,13,5,1.21737111,5.89042934,1
12,14,5,1.21737111,6.22506572,1
13,1,5,-0.29590772,0.81201162,0
13,2,5,-0.29590772,0.72378966,0
13,3,5,-0.29590772,0.64283886,0
13,4,5,-0.29590772,0.43426942,0
13,5,5,-0.29590772,2.33371759,1
13,6,5,-0.29590772,2.30386932,1
13,7,5,-0.29590772,2.09549987,1
13,8,5,-0.29590772,1.97952887,1
13,9,5,-0.29590772,1.85934101,1
13,10,5,-0.29590772,1.71407616,1
13,11,5,-0.29590772,1.68601792,1
13,12,5,-0.29590772,1.56327924,1
13,13,5,-0.29590772,1.43954586,1
13,14,5,-0.29590772,1.27732065,1
14,1,5,1.14617944,-0.27313147,0
14,2,5,1.14617944,0.10287029,0
14,3,5,1.14617944,0.42133981,0
14,4,5,1.14617944,0.79289005,0
14,5,5,1.14617944,3.14325199,1
14,6,5,1.14617944,3.46825441,1
14,7,5,1.14617944,3.8307704,1
14,8,5,1.14617944,4.22061798,1
14,9,5,1.14617944,4.52842087,1
14,10,5,1.14617944,4.89711292,1
14,11,5,1.14617944,5.25413536,1
14,12,5,1.14617944,5.59029585,1
14,13,5,1.14617944,5.95328292,1
14,14,5,1.14617944,6.33763715,1
15,1,5,1.24908067,0.90252178,0
15,2,5,1.24908067,1.28892054,0
15,3,5,1.24908067,1.64173335,0
15,4,5,1.24908067,2.00607916,0
15,5,5,1.24908067,4.37109301,1
15,6,5,1.24908067,4.68709485,1
15,7,5,1.24908067,5.09144331,1
15,8,5,1.24908067,5.48134854,1
15,9,5,1.24908067,5.82635493,1
15,10,5,1.24908067,6.14064878,1
15,11,5,1.24908067,6.47909026,1
15,12,5,1.24908067,6.85417136,1
15,13,5,1.24908067,7.22920883,1
15,14,5,1.24908067,7.54099748,1
16,1,5,1.19172283,1.4971106,0
16,2,5,1.19172283,1.90292522,0
16,3,5,1.19172283,2.18463403,0
16,4,5,1.19172283,2.57604714,0
16,5,5,1.19172283,4.93348906,1
16,6,5,1.19172283,5.31454143,1
16,7,5,1.19172283,5.61854664,1
16,8,5,1.19172283,5.94915643,1
16,9,5,1.19172283,6.32185647,1
16,10,5,1.19172283,6.68870333,1
16,11,5,1.19172283,6.99862151,1
16,12,5,1.19172283,7.34532352,1
16,13,5,1.19172283,7.73179207,1
16,14,5,1.19172283,7.99747907,1
17,1,5,-0.18890405,1.3213682,0
17,2,5,-0.18890405,1.25468992,0
17,3,5,-0.18890405,1.11539778,0
17,4,5,-0.18890405,1.02036195,0
17,5,5,-0.18890405,2.85781751,1
17,6,5,-0.18890405,2.80228872,1
17,7,5,-0.18890405,2.69666259,1
17,8,5,-0.18890405,2.63148312,1
17,9,5,-0.18890405,2.41774276,1
17,10,5,-0.18890405,2.41293205,1
17,11,5,-0.18890405,2.27294063,1
17,12,5,-0.18890405,2.1983224,1
17,13,5,-0.18890405,2.06246496,1
17,14,5,-0.18890405,2.0360752,1
18,1,5,1.97559081,2.5860472,0
18,2,5,1.97559081,3.20213157,0
18,3,5,1.97559081,3.80670198,0
18,4,5,1.97559081,4.28730135,0
18,5,5,1.97559081,6.88137861,1
18,6,5,1.97559081,7.56215858,1
18,7,5,1.97559081,8.08686109,1
18,8,5,1.97559081,8.64908739,1
18,9,5,1.97559081,9.30321083,1
18,10,5,1.97559081,9.84038631,1
18,11,5,1.97559081,10.38992486,1
18,12,5,1.97559081,11.02526776,1
18,13,5,1.97559081,11.56581042,1
18,14,5,1.97559081,12.14888286,1
19,1,7,-1.769458,-0.93089824,0
19,2,7,-1.769458,-1.48986803,0
19,3,7,-1.769458,-1.85729208,0
19,4,7,-1.769458,-2.46232227,0
19,5,7,-1.769458,-2.8830552,0
19,6,7,-1.769458,-3.36454725,0
19,7,7,-1.769458,-1.87285446,1
19,8,7,-1.769458,-2.34856075,1
19,9,7,-1.769458,-2.87342149,1
19,10,7,-1.769458,-3.34596513,1
19,11,7,-1.769458,-3.87138329,1
19,12,7,-1.769458,-4.37701319,1
19,13,7,-1.769458,-4.84568211,1
19,14,7,-1.769458,-5.35545896,1
20,1,7,1.17920186,0.6962865,0
20,2,7,1.17920186,1.06080703,0
20,3,7,1.17920186,1.36579228,0
20,4,7,1.17920186,1.70319799,0
20,5,7,1.17920186,2.00781164,0
20,6,7,1.17920186,2.36451747,0
20,7,7,1.17920186,4.67251961,1
20,8,7,1.17920186,5.10201071,1
20,9,7,1.17920186,5.39791445,1
20,10,7,1.17920186,5.76742859,1
20,11,7,1.17920186,6.06707457,1
20,12,7,1.17920186,6.50193806,1
20,13,7,1.17920186,6.80653435,1
20,14,7,1.17920186,7.10740768,1
21,1,7,0.66879027,-0.71638375,0
21,2,7,0.66879027,-0.52127945,0
21,3,7,0.66879027,-0.34949208,0
21,4,7,0.66879027,-0.15457919,0
21,5,7,0.66879027,0.06966585,0
21,6,7,0.66879027,0.2502128,0
21,7,7,0.66879027,2.49806362,1
21,8,7,0.66879027,2.65262735,1
21,9,7,0.66879027,2.7729355,1
21,10,7,0.66879027,3.04782087,1
21,11,7,0.66879027,3.2272434,1
21,12,7,0.66879027,3.43199623,1
21,13,7,0.66879027,3.5809193,1
21,14,7,0.66879027,3.77352629,1
22,1,7,0.69480967,3.91333397,0
22,2,7,0.69480967,4.09072096,0
22,3,7,0.69480967,4.30570233,0
22,4,7,0.69480967,4.522243,0
22,5,7,0.69480967,4.74119048,0
22,6,7,0.69480967,5.02439111,0
22,7,7,0.69480967,7.20185814,1
22,8,7,0.69480967,7.38133013,1
22,9,7,0.69480967,7.65934752,1
22,10,7,0.69480967,7.7971287,1
22,11,7,0.69480967,7.99285497,1
22,12,7,0.69480967,8.23263107,1
22,13,7,0.69480967,8.46983265,1
22,14,7,0.69480967,8.73286745,1
23,1,7,1.63741745,1.63039168,0
23,2,7,1.63741745,2.09752562,0
23,3,7,1.63741745,2.62818551,0
23,4,7,1.63741745,3.18544222,0
23,5,7,1.63741745,3.65712293,0
23,6,7,1.63741745,4.02960026,0
23,7,7,1.63741745,6.56398957,1
23,8,7,1.63741745,7.01914942,1
23,9,7,1.63741745,7.49708466,1
23,10,7,1.63741745,7.97035094,1
23,11,7,1.63741745,8.46558247,1
23,12,7,1.63741745,8.99876645,1
23,13,7,1.63741745,9.44318373,1
23,14,7,1.63741745,9.91803391,1
24,1,7,0.61461586,-0.1324507,0
24,2,7,0.61461586,0.02216676,0
24,3,7,0.61461586,0.19251282,0
24,4,7,0.61461586,0.40592971,0
24,5,7,0.61461586,0.64900823,0
24,6,7,0.61461586,0.7336341,0
24,7,7,0.61461586,2.92852307,1
24,8,7,0.61461586,3.05209748,1
24,9,7,0.61461586,3.24299833,1
24,10,7,0.61461586,3.45435016,1
24,11,7,0.61461586,3.57951638,1
24,12,7,0.61461586,3.76025993,1
24,13,7,0.61461586,3.97824383,1
24,14,7,0.61461586,4.12292921,1
25,1,7,0.17826182,-0.76388521,0
25,2,7,0.17826182,-0.71777462,0
25,3,7,0.17826182,-0.63716607,0
25,4,7,0.17826182,-0.52383659,0
25,5,7,0.17826182,-0.42204807,0
25,6,7,0.17826182,-0.33995984,0
25,7,7,0.17826182,1.75994314,1
25,8,7,0.17826182,1.8638537,1
25,9,7,0.17826182,1.90854368,1
25,10,7,0.17826182,2.07417732,1
25,11,7,0.17826182,2.20292778,1
25,12,7,0.17826182,2.25954773,1
25,13,7,0.17826182,2.34909522,1
25,14,7,0.17826182,2.46732926,1
26,1,7,2.6952652,-0.30571824,0
26,2,7,2.6952652,0.49839644,0
26,3,7,2.6952652,1.29330915,0
26,4,7,2.6952652,2.1185548,0
26,5,7,2.6952652,2.90319557,0
26,6,7,2.6952652,3.69345488,0
26,7,7,2.6952652,6.52088365,1
26,8,7,2.6952652,7.35239264,1
26,9,7,2.6952652,8.15005858,1
26,10,7,2.6952652,8.91168421,1
26,11,7,2.6952652,9.72435336,1
26,12,7,2.6952652,10.49714276,1
26,13,7,2.6952652,11.31137528,1
26,14,7,2.6952652,12.14258372,1
27,1,7,0.26133846,-0.06473003,0
27,2,7,0.26133846,-0.03433362,0
27,3,7,0.26133846,-0.02725789,0
27,4,7,0.26133846,-0.00073601,0
27,5,7,0.26133846,0.12916186,0
27,6,7,0.26133846,0.11938033,0
27,7,7,0.26133846,2.28909492,1
27,8,7,0.26133846,2.27229641,1
27,9,7,0.26133846,2.29552851,1
27,10,7,0.26133846,2.37233349,1
27,11,7,0.26133846,2.43198261,1
27,12,7,0.26133846,2.50383358,1
27,13,7,0.26133846,2.56178384,1
27,14,7,0.26133846,2.63910176,1
28,1,7,2.54221534,1.60224025,0
28,2,7,2.54221534,2.4354198,0
28,3,7,2.54221534,3.0965727,0
28,4,7,2.54221534,3.83062195,0
28,5,7,2.54221534,4.56478621,0
28,6,7,2.54221534,5.30581796,0
28,7,7,2.54221534,8.132134,1
28,8,7,2.54221534,8.83096189,1
28,9,7,2.54221534,9.51050418,1
28,10,7,2.54221534,10.28565743,1
28,11,7,2.54221534,11.00525689,1
28,12,7,2.54221534,11.74694847,1
28,13,7,2.54221534,12.52993607,1
28,14,7,2.54221534,13.29234606,1
29,1,7,0.70806507,0.9495518,0
29,2,7,0.70806507,1.11055892,0
29,3,7,0.70806507,1.39149501,0
29,4,7,0.70806507,1.6016901,0
29,5,7,0.70806507,1.82249104,0
29,6,7,0.70806507,2.0864023,0
29,7,7,0.70806507,4.29761179,1
29,8,7,0.70806507,4.55005105,1
29,9,7,0.70806507,4.71405014,1
29,10,7,0.70806507,4.99377233,1
29,11,7,0.70806507,5.20917,1
29,12,7,0.70806507,5.4599991,1
29,13,7,0.70806507,5.68931673,1
29,14,7,0.70806507,5.90473119,1
30,1,7,0.89886939,1.69914488,0
30,2,7,0.89886939,1.9938903,0
30,3,7,0.89886939,2.24857234,0
30,4,7,0.89886939,2.49252053,0
30,5,7,0.89886939,2.76028642,0
30,6,7,0.89886939,2.93956269,0
30,7,7,0.89886939,5.26668457,1
30,8,7,0.89886939,5.51908161,1
30,9,7,0.89886939,5.75535197,1
30,10,7,0.89886939,5.99787732,1
30,11,7,0.89886939,6.2284592,1
30,12,7,0.89886939,6.55013979,1
30,13,7,0.89886939,6.77826223,1
30,14,7,0.89886939,7.07909447,1
31,1,7,0.07033098,-1.25438788,0
31,2,7,0.07033098,-1.22800484,0
31,3,7,0.07033098,-1.23057788,0
31,4,7,0.07033098,-1.16268669,0
31,5,7,0.07033098,-1.18692565,0
31,6,7,0.07033098,-1.18222467,0
31,7,7,0.07033098,0.81234809,1
31,8,7,0.07033098,0.79349822,1
31,9,7,0.07033098,0.86797082,1
31,10,7,0.07033098,0.76398998,1
31,11,7,0.07033098,0.81208143,1
31,12,7,0.07033098,0.7842721,1
31,13,7,0.07033098,0.8018374,1
31,14,7,0.07033098,0.78868903,1
32,1,7,1.68282384,-0.27572013,0
32,2,7,1.68282384,0.21470232,0
32,3,7,1.68282384,0.7080657,0
32,4,7,1.68282384,1.2203077,0
32,5,7,1.68282384,1.71622125,0
32,6,7,1.68282384,2.18346623,0
32,7,7,1.68282384,4.70739965,1
32,8,7,1.68282384,5.20112356,1
32,9,7,1.68282384,5.66420854,1
32,10,7,1.68282384,6.26012466,1
32,11,7,1.68282384,6.7076865,1
32,12,7,1.68282384,7.14231833,1
32,13,7,1.68282384,7.62364944,1
32,14,7,1.68282384,8.17638787,1
33,1,7,-0.07140757,-0.69746676,0
33,2,7,-0.07140757,-0.7791546,0
33,3,7,-0.07140757,-0.82005093,0
33,4,7,-0.07140757,-0.85962899,0
33,5,7,-0.07140757,-0.91489615,0
33,6,7,-0.07140757,-0.90458685,0
33,7,7,-0.07140757,1.03228419,1
33,8,7,-0.07140757,1.00506771,1
33,9,7,-0.07140757,0.95142468,1
33,10,7,-0.07140757,0.9807123,1
33,11,7,-0.07140757,0.86223688,1
33,12,7,-0.07140757,0.85785161,1
33,13,7,-0.07140757,0.79776473,1
33,14,7,-0.07140757,0.71440504,1
34,1,7,1.18092228,0.78168934,0
34,2,7,1.18092228,1.24323852,0
34,3,7,1.18092228,1.52502097,0
34,4,7,1.18092228,1.91740774,0
34,5,7,1.18092228,2.26991905,0
34,6,7,1.18092228,2.67302863,0
34,7,7,1.18092228,5.12666421,1
34,8,7,1.18092228,5.41869442,1
34,9,7,1.18092228,5.77454804,1
34,10,7,1.18092228,6.15045723,1
34,11,7,1.18092228,6.52645234,1
34,12,7,1.18092228,6.89445317,1
34,13,7,1.18092228,7.26531642,1
34,14,7,1.18092228,7.6904745,1
35,1,7,2.37121725,0.67516056,0
35,2,7,2.37121725,1.39279659,0
35,3,7,2.37121725,2.13662046,0
35,4,7,2.37121725,2.82963196,0
35,5,7,2.37121725,3.54041975,0
35,6,7,2.37121725,4.26268816,0
35,7,7,2.37121725,6.96495799,1
35,8,7,2.37121725,7.67703742,1
35,9,7,2.37121725,8.38665343,1
35,10,7,2.37121725,9.12493824,1
35,11,7,2.37121725,9.78784686,1
35,12,7,2.37121725,10.54408408,1
35,13,7,2.37121725,11.24733989,1
35,14,7,2.37121725,11.93841693,1
36,1,7,1.09868075,1.01313034,0
36,2,7,1.09868075,1.34812128,0
36,3,7,1.09868075,1.56634909,0
36,4,7,1.09868075,1.97941854,0
36,5,7,1.09868075,2.23032436,0
36,6,7,1.09868075,2.57208432,0
36,7,7,1.09868075,4.83209779,1
36,8,7,1.09868075,5.11159147,1
36,9,7,1.09868075,5.42873436,1
36,10,7,1.09868075,5.80525514,1
36,11,7,1.09868075,6.06222693,1
36,12,7,1.09868075,6.3486017,1
36,13,7,1.09868075,6.7356342,1
36,14,7,1.09868075,6.95100273,1
37,1,9,-0.02335637,-2.30314919,0
37,2,9,-0.02335637,-2.28958647,0
37,3,9,-0.02335637,-2.21449073,0
37,4,9,-0.02335637,-2.23960048,0
37,5,9,-0.02335637,-2.23494718,0
37,6,9,-0.02335637,-2.18984267,0
37,7,9,-0.02335637,-2.18365708,0
37,8,9,-0.02335637,-2.1625995,0
37,9,9,-0.02335637,-0.15088298,1
37,10,9,-0.02335637,-0.09798289,1
37,11,9,-0.02335637,-0.10932186,1
37,12,9,-0.02335637,-0.12468418,1
37,13,9,-0.02335637,-0.08286975,1
37,14,9,-0.02335637,-0.07749066,1
38,1,9,0.57591315,0.24134147,0
38,2,9,0.57591315,0.42238335,0
38,3,9,0.57591315,0.67358584,0
38,4,9,0.57591315,0.89328705,0
38,5,9,0.57591315,1.07903282,0
38,6,9,0.57591315,1.26187869,0
38,7,9,0.57591315,1.35771596,0
38,8,9,0.57591315,1.57771265,0
38,9,9,0.57591315,3.77130402,1
38,10,9,0.57591315,3.99405597,1
38,11,9,0.57591315,4.13782155,1
38,12,9,0.57591315,4.34320594,1
38,13,9,0.57591315,4.5244316,1
38,14,9,0.57591315,4.73434146,1
39,1,9,2.04803794,0.95354806,0
39,2,9,2.04803794,1.63845368,0
39,3,9,2.04803794,2.23417888,0
39,4,9,2.04803794,2.87880593,0
39,5,9,2.04803794,3.48001107,0
39,6,9,2.04803794,4.17691971,0
39,7,9,2.04803794,4.80393383,0
39,8,9,2.04803794,5.42986331,0
39,9,9,2.04803794,8.04206355,1
39,10,9,2.04803794,8.67206005,1
39,11,9,2.04803794,9.36766648,1
39,12,9,2.04803794,10.01512265,1
39,13,9,2.04803794,10.65016029,1
39,14,9,2.04803794,11.33940438,1
40,1,9,0.27439432,-0.84243157,0
40,2,9,0.27439432,-0.78031295,0
40,3,9,0.27439432,-0.78528402,0
40,4,9,0.27439432,-0.64609682,0
40,5,9,0.27439432,-0.67463095,0
40,6,9,0.27439432,-0.59209698,0
40,7,9,0.27439432,-0.60297847,0
40,8,9,0.27439432,-0.52061873,0
40,9,9,0.27439432,1.47819515,1
40,10,9,0.27439432,1.52152392,1
40,11,9,0.27439432,1.58354591,1
40,12,9,0.27439432,1.61019761,1
40,13,9,0.27439432,1.64933016,1
40,14,9,0.27439432,1.6593388,1
41,1,9,1.33278514,0.06124999,0
41,2,9,1.33278514,0.49514705,0
41,3,9,1.33278514,0.90646541,0
41,4,9,1.33278514,1.28547681,0
41,5,9,1.33278514,1.64366273,0
41,6,9,1.33278514,2.04350652,0
41,7,9,1.33278514,2.46015371,0
41,8,9,1.33278514,2.83456642,0
41,9,9,1.33278514,5.28466523,1
41,10,9,1.33278514,5.65580079,1
41,11,9,1.33278514,6.05562003,1
41,12,9,1.33278514,6.42811755,1
41,13,9,1.33278514,6.7479916,1
41,14,9,1.33278514,7.2063016,1
42,1,9,0.93772643,1.06794723,0
42,2,9,0.93772643,1.38324858,0
42,3,9,0.93772643,1.75192118,0
42,4,9,0.93772643,2.11097241,0
42,5,9,0.93772643,2.41849495,0
42,6,9,0.93772643,2.70987295,0
42,7,9,0.93772643,3.04849956,0
42,8,9,0.93772643,3.35202373,0
42,9,9,0.93772643,5.68275127,1
42,10,9,0.93772643,5.98726103,1
42,11,9,0.93772643,6.32756382,1
42,12,9,0.93772643,6.6873886,1
42,13,9,0.93772643,7.0071445,1
42,14,9,0.93772643,7.30461842,1
43,1,9,0.29287216,-0.00900984,0
43,2,9,0.29287216,0.07513345,0
43,3,9,0.29287216,0.10010729,0
43,4,9,0.29287216,0.17531445,0
43,5,9,0.29287216,0.2050564,0
43,6,9,0.29287216,0.30446309,0
43,7,9,0.29287216,0.35077423,0
43,8,9,0.29287216,0.42674868,0
43,9,9,0.29287216,2.47378165,1
43,10,9,0.29287216,2.53794965,1
43,11,9,0.29287216,2.60048783,1
43,12,9,0.29287216,2.66668126,1
43,13,9,0.29287216,2.67844988,1
43,14,9,0.29287216,2.78048552,1
44,1,9,-0.48356888,-0.8833158,0
44,2,9,-0.48356888,-1.02187099,0
44,3,9,-0.48356888,-1.13736524,0
44,4,9,-0.48356888,-1.32908451,0
44,5,9,-0.48356888,-1.40633121,0
44,6,9,-0.48356888,-1.49660096,0
44,7,9,-0.48356888,-1.58962295,0
44,8,9,-0.48356888,-1.7678052,0
44,9,9,-0.48356888,0.13692757,1
44,10,9,-0.48356888,-0.0640963,1
44,11,9,-0.48356888,-0.08598583,1
44,12,9,-0.48356888,-0.29642704,1
44,13,9,-0.48356888,-0.40815878,1
44,14,9,-0.48356888,-0.54350954,1
45,1,9,0.90279289,2.01686643,0
45,2,9,0.90279289,2.31279676,0
45,3,9,0.90279289,2.56718212,0
45,4,9,0.90279289,2.91476725,0
45,5,9,0.90279289,3.1361303,0
45,6,9,0.90279289,3.45760828,0
45,7,9,0.90279289,3.74284828,0
45,8,9,0.90279289,3.91504431,0
45,9,9,0.90279289,6.24725799,1
45,10,9,0.90279289,6.49599316,1
45,11,9,0.90279289,6.7539757,1
45,12,9,0.90279289,7.04688353,1
45,13,9,0.90279289,7.27467229,1
45,14,9,0.90279289,7.50534982,1
46,1,9,1.36512074,0.54290496,0
46,2,9,1.36512074,1.02205292,0
46,3,9,1.36512074,1.46944665,0
46,4,9,1.36512074,1.79001862,0
46,5,9,1.36512074,2.23770915,0
46,6,9,1.36512074,2.71377247,0
46,7,9,1.36512074,3.12917286,0
46,8,9,1.36512074,3.55304259,0
46,9,9,1.36512074,5.99348265,1
46,10,9,1.36512074,6.44532473,1
46,11,9,1.36512074,6.82572389,1
46,12,9,1.36512074,7.26966028,1
46,13,9,1.36512074,7.74293036,1
46,14,9,1.36512074,8.09985678,1
47,1,9,0.81599385,-0.38623635,0
47,2,9,0.81599385,-0.12001672,0
47,3,9,0.81599385,0.01560652,0
47,4,9,0.81599385,0.30032658,0
47,5,9,0.81599385,0.52837487,0
47,6,9,0.81599385,0.70685538,0
47,7,9,0.81599385,0.9643763,0
47,8,9,0.81599385,1.15148682,0
47,9,9,0.81599385,3.43752336,1
47,10,9,0.81599385,3.63460113,1
47,11,9,0.81599385,3.80328712,1
47,12,9,0.81599385,4.05866868,1
47,13,9,0.81599385,4.28232068,1
47,14,9,0.81599385,4.53130627,1
48,1,9,0.69987487,0.35070934,0
48,2,9,0.69987487,0.58010672,0
48,3,9,0.69987487,0.79978655,0
48,4,9,0.69987487,0.97092667,0
48,5,9,0.69987487,1.24307203,0
48,6,9,0.69987487,1.46388243,0
48,7,9,0.69987487,1.64029418,0
48,8,9,0.69987487,1.82644605,0
48,9,9,0.69987487,4.06070566,1
48,10,9,0.69987487,4.31874436,1
48,11,9,0.69987487,4.49514478,1
48,12,9,0.69987487,4.74405908,1
48,13,9,0.69987487,4.93242636,1
48,14,9,0.69987487,5.1750701,1
49,1,9,-1.14509609,0.72279287,0
49,2,9,-1.14509609,0.39139985,0
49,3,9,-1.14509609,0.02764879,0
49,4,9,-1.14509609,-0.36261003,0
49,5,9,-1.14509609,-0.85272459,0
49,6,9,-1.14509609,-1.15608097,0
49,7,9,-1.14509609,-1.53666477,0
49,8,9,-1.14509609,-1.89827943,0
49,9,9,-1.14509609,-0.27033541,1
49,10,9,-1.14509609,-0.69843953,1
49,11,9,-1.14509609,-1.07711703,1
49,12,9,-1.14509609,-1.45271676,1
49,13,9,-1.14509609,-1.85232125,1
49,14,9,-1.14509609,-2.2050032,1
50,1,9,0.68508563,-1.18322663,0
50,2,9,0.68508563,-1.05406361,0
50,3,9,0.68508563,-0.89426441,0
50,4,9,0.68508563,-0.69559207,0
50,5,9,0.68508563,-0.53378429,0
50,6,9,0.68508563,-0.39655585,0
50,7,9,0.68508563,-0.20238909,0
50,8,9,0.68508563,-0.00891307,0
50,9,9,0.68508563,2.14020593,1
50,10,9,0.68508563,2.2923739,1
50,11,9,0.68508563,2.54860175,1
50,12,9,0.68508563,2.64890539,1
50,13,9,0.68508563,2.8241236,1
50,14,9,0.68508563,2.99258688,1
51,1,9,2.26778856,1.17153315,0
51,2,9,2.26778856,1.86157334,0
51,3,9,2.26778856,2.5985609,0
51,4,9,2.26778856,3.31196215,0
51,5,9,2.26778856,3.98024026,0
51,6,9,2.26778856,4.66264972,0
51,7,9,2.26778856,5.47126058,0
51,8,9,2.26778856,6.17232399,0
51,9,9,2.26778856,8.87608126,1
51,10,9,2.26778856,9.54857631,1
51,11,9,2.26778856,10.26172321,1
51,12,9,2.26778856,10.96753546,1
51,13,9,2.26778856,11.7259937,1
51,14,9,2.26778856,12.46842801,1
52,1,9,1.08584385,-0.58112316,0
52,2,9,1.08584385,-0.3139937,0
52,3,9,1.08584385,0.03254066,0
52,4,9,1.08584385,0.31567298,0
52,5,9,1.08584385,0.58101912,0
52,6,9,1.08584385,0.97414089,0
52,7,9,1.08584385,1.23142814,0
52,8,9,1.08584385,1.5189514,0
52,9,9,1.08584385,3.82034457,1
52,10,9,1.08584385,4.19181682,1
52,11,9,1.08584385,4.46867313,1
52,12,9,1.08584385,4.77398021,1
52,13,9,1.08584385,5.15864682,1
52,14,9,1.08584385,5.35333218,1
53,1,9,1.21890949,-2.55247163,0
53,2,9,1.21890949,-2.26112615,0
53,3,9,1.21890949,-1.85584795,0
53,4,9,1.21890949,-1.41730445,0
53,5,9,1.21890949,-1.05417326,0
53,6,9,1.21890949,-0.61628982,0
53,7,9,1.21890949,-0.23449127,0
53,8,9,1.21890949,0.19427479,0
53,9,9,1.21890949,2.57600124,1
53,10,9,1.21890949,2.98534451,1
53,11,9,1.21890949,3.32542224,1
53,12,9,1.21890949,3.7846396,1
53,13,9,1.21890949,4.19183213,1
53,14,9,1.21890949,4.58826869,1
54,1,9,-0.16317057,2.12356684,0
54,2,9,-0.16317057,2.03072472,0
54,3,9,-0.16317057,2.02355491,0
54,4,9,-0.16317057,1.94948253,0
54,5,9,-0.16317057,1.89889557,0
54,6,9,-0.16317057,1.8556241,0
54,7,9,-0.16317057,1.7577265,0
54,8,9,-0.16317057,1.74622285,0
54,9,9,-0.16317057,3.69537021,1
54,10,9,-0.16317057,3.63229466,1
54,11,9,-0.16317057,3.57273417,1
54,12,9,-0.16317057,3.50381799,1
54,13,9,-0.16317057,3.43874407,1
54,14,9,-0.16317057,3.40159688,1
55,1,0,1.58054535,0.90156353,0
55,2,0,1.58054535,1.38568412,0
55,3,0,1.58054535,1.8555898,0
55,4,0,1.58054535,2.31677611,0
55,5,0,1.58054535,2.83323135,0
55,6,0,1.58054535,3.26583592,0
55,7,0,1.58054535,3.79785286,0
55,8,0,1.58054535,4.26080618,0
55,9,0,1.58054535,4.73157597,0
55,10,0,1.58054535,5.17521734,0
55,11,0,1.58054535,5.68051611,0
55,12,0,1.58054535,6.19862717,0
55,13,0,1.58054535,6.65732067,0
55,14,0,1.58054535,7.12862139,0
56,1,0,-0.21703623,0.25606051,0
56,2,0,-0.21703623,0.15303417,0
56,3,0,-0.21703623,0.14219721,0
56,4,0,-0.21703623,0.12227549,0
56,5,0,-0.21703623,0.09231433,0
56,6,0,-0.21703623,0.07298236,0
56,7,0,-0.21703623,0.00860778,0
56,8,0,-0.21703623,-0.03358761,0
56,9,0,-0.21703623,-0.02852995,0
56,10,0,-0.21703623,-0.03860497,0
56,11,0,-0.21703623,-0.06811465,0
56,12,0,-0.21703623,-0.09640895,0
56,13,0,-0.21703623,-0.1669684,0
56,14,0,-0.21703623,-0.15253021,0
57,1,0,-2.37697981,0.42032095,0
57,2,0,-2.37697981,-0.24405915,0
57,3,0,-2.37697981,-0.99397751,0
57,4,0,-2.37697981,-1.69567313,0
57,5,0,-2.37697981,-2.42827878,0
57,6,0,-2.37697981,-3.16011489,0
57,7,0,-2.37697981,-3.90856306,0
57,8,0,-2.37697981,-4.60862923,0
57,9,0,-2.37697981,-5.27776029,0
57,10,0,-2.37697981,-6.02046028,0
57,11,0,-2.37697981,-6.72360688,0
57,12,0,-2.37697981,-7.48253578,0
57,13,0,-2.37697981,-8.17322054,0
57,14,0,-2.37697981,-8.90000979,0
58,1,0,-0.35184034,-0.71169753,0
58,2,0,-0.35184034,-0.74483188,0
58,3,0,-0.35184034,-0.89226584,0
58,4,0,-0.35184034,-0.93062579,0
58,5,0,-0.35184034,-1.013612,0
58,6,0,-0.35184034,-1.13106368,0
58,7,0,-0.35184034,-1.20369731,0
58,8,0,-0.35184034,-1.26111968,0
58,9,0,-0.35184034,-1.34238375,0
58,10,0,-0.35184034,-1.39812319,0
58,11,0,-0.35184034,-1.49123833,0
58,12,0,-0.35184034,-1.62610318,0
58,13,0,-0.35184034,-1.64802658,0
58,14,0,-0.35184034,-1.74664289,0
59,1,0,-0.72388845,-0.25692459,0
59,2,0,-0.72388845,-0.42909954,0
59,3,0,-0.72388845,-0.64228268,0
59,4,0,-0.72388845,-0.8668892,0
59,5,0,-0.72388845,-1.09399806,0
59,6,0,-0.72388845,-1.26516184,0
59,7,0,-0.72388845,-1.47082585,0
59,8,0,-0.72388845,-1.68661123,0
59,9,0,-0.72388845,-1.91228068,0
59,10,0,-0.72388845,-2.13629991,0
59,11,0,-0.72388845,-2.33667407,0
59,12,0,-0.72388845,-2.46256099,0
59,13,0,-0.72388845,-2.79844738,0
59,14,0,-0.72388845,-2.90260278,0
60,1,0,-0.48363748,-0.29845815,0
60,2,0,-0.48363748,-0.50089599,0
60,3,0,-0.48363748,-0.61305137,0
60,4,0,-0.48363748,-0.79432557,0
60,5,0,-0.48363748,-0.9706834,0
60,6,0,-0.48363748,-1.15706078,0
60,7,0,-0.48363748,-1.3390131,0
60,8,0,-0.48363748,-1.46702496,0
60,9,0,-0.48363748,-1.6841186,0
60,10,0,-0.48363748,-1.79442394,0
60,11,0,-0.48363748,-1.98872829,0
60,12,0,-0.48363748,-2.21268868,0
60,13,0,-0.48363748,-2.34568845,0
60,14,0,-0.48363748,-2.49690867,0
61,1,0,-0.42738475,0.15224757,0
61,2,0,-0.42738475,-0.01504092,0
61,3,0,-0.42738475,-0.14713962,0
61,4,0,-0.42738475,-0.19431336,0
61,5,0,-0.42738475,-0.39565808,0
61,6,0,-0.42738475,-0.52270025,0
61,7,0,-0.42738475,-0.64912181,0
61,8,0,-0.42738475,-0.75385476,0
61,9,0,-0.42738475,-0.90572636,0
61,10,0,-0.42738475,-1.01281817,0
61,11,0,-0.42738475,-1.14318888,0
61,12,0,-0.42738475,-1.27542952,0
61,13,0,-0.42738475,-1.42896872,0
61,14,0,-0.42738475,-1.54822176,0
62,1,0,0.30562977,-1.10915863,0
62,2,0,0.30562977,-1.05854258,0
62,3,0,0.30562977,-0.89722768,0
62,4,0,0.30562977,-0.81499401,0
62,5,0,0.30562977,-0.74007191,0
62,6,0,0.30562977,-0.64370385,0
62,7,0,0.30562977,-0.52917124,0
62,8,0,0.30562977,-0.45149234,0
62,9,0,0.30562977,-0.32346851,0
62,10,0,0.30562977,-0.18826982,0
62,11,0,0.30562977,-0.20131184,0
62,12,0,0.30562977,-0.00991409,0
62,13,0,0.30562977,0.09491213,0
62,14,0,0.30562977,0.21390497,0
63,1,0,1.18315075,1.51706677,0
63,2,0,1.18315075,1.90864142,0
63,3,0,1.18315075,2.33034607,0
63,4,0,1.18315075,2.61108269,0
63,5,0,1.18315075,3.06231714,0
63,6,0,1.18315075,3.36504135,0
63,7,0,1.18315075,3.72735239,0
63,8,0,1.18315075,4.00465805,0
63,9,0,1.18315075,4.49716339,0
63,10,0,1.18315075,4.84042599,0
63,11,0,1.18315075,5.13871637,0
63,12,0,1.18315075,5.52228039,0
63,13,0,1.18315075,5.86254323,0
63,14,0,1.18315075,6.23537076,0
64,1,0,0.69269082,-0.21621487,0
64,2,0,0.69269082,-0.10941651,0
64,3,0,0.69269082,0.1285544,0
64,4,0,0.69269082,0.31962655,0
64,5,0,0.69269082,0.42923612,0
64,6,0,0.69269082,0.68284635,0
64,7,0,0.69269082,0.85627462,0
64,8,0,0.69269082,1.01844415,0
64,9,0,0.69269082,1.18345361,0
64,10,0,0.69269082,1.3736362,0
64,11,0,0.69269082,1.53037365,0
64,12,0,0.69269082,1.66932924,0
64,13,0,0.69269082,1.90148165,0
64,14,0,0.69269082,2.03497568,0
65,1,0,0.15346359,1.32518599,0
65,2,0,0.15346359,1.42449867,0
65,3,0,0.15346359,1.47474371,0
65,4,0,0.15346359,1.55352904,0
65,5,0,0.15346359,1.69424676,0
65,6,0,0.15346359,1.73709368,0
65,7,0,0.15346359,1.80400389,0
65,8,0,0.15346359,1.91393132,0
65,9,0,0.15346359,1.97891153,0
65,10,0,0.15346359,2.03088831,0
65,11,0,0.15346359,2.09701578,0
65,12,0,0.15346359,2.20216223,0
65,13,0,0.15346359,2.3470251,0
65,14,0,0.15346359,2.36133988,0
66,1,0,1.43242481,-0.7552191,0
66,2,0,1.43242481,-0.3054247,0
66,3,0,1.43242481,0.11880881,0
66,4,0,1.43242481,0.53360177,0
66,5,0,1.43242481,0.99395459,0
66,6,0,1.43242481,1.4502063,0
66,7,0,1.43242481,1.89923881,0
66,8,0,1.43242481,2.35404999,0
66,9,0,1.43242481,2.66343312,0
66,10,0,1.43242481,3.1312325,0
66,11,0,1.43242481,3.53535049,0
66,12,0,1.43242481,3.91489722,0
66,13,0,1.43242481,4.40471446,0
66,14,0,1.43242481,4.79422176,0
67,1,0,-2.34298948,-3.77867871,0
67,2,0,-2.34298948,-4.39264927,0
67,3,0,-2.34298948,-5.13539899,0
67,4,0,-2.34298948,-5.89163276,0
67,5,0,-2.34298948,-6.52655033,0
67,6,0,-2.34298948,-7.32314508,0
67,7,0,-2.34298948,-8.04151879,0
67,8,0,-2.34298948,-8.75232539,0
67,9,0,-2.34298948,-9.54996455,0
67,10,0,-2.34298948,-10.19723407,0
67,11,0,-2.34298948,-10.95437425,0
67,12,0,-2.34298948,-11.68934375,0
67,13,0,-2.34298948,-12.40885584,0
67,14,0,-2.34298948,-13.04754267,0
68,1,0,-1.50171659,-2.27421908,0
68,2,0,-1.50171659,-2.73714776,0
68,3,0,-1.50171659,-3.22685606,0
68,4,0,-1.50171659,-3.72853747,0
68,5,0,-1.50171659,-4.21775976,0
68,6,0,-1.50171659,-4.6886591,0
68,7,0,-1.50171659,-5.06446408,0
68,8,0,-1.50171659,-5.56843192,0
68,9,0,-1.50171659,-6.09476345,0
68,10,0,-1.50171659,-6.57447951,0
68,11,0,-1.50171659,-6.9932541,0
68,12,0,-1.50171659,-7.5054013,0
68,13,0,-1.50171659,-7.95657258,0
68,14,0,-1.50171659,-8.44424555,0
69,1,0,-0.38916756,1.42210452,0
69,2,0,-0.38916756,1.28170529,0
69,3,0,-0.38916756,1.14642473,0
69,4,0,-0.38916756,0.99245409,0
69,5,0,-0.38916756,0.85078438,0
69,6,0,-0.38916756,0.72747438,0
69,7,0,-0.38916756,0.57209241,0
69,8,0,-0.38916756,0.47968538,0
69,9,0,-0.38916756,0.34197325,0
69,10,0,-0.38916756,0.18376222,0
69,11,0,-0.38916756,0.04599472,0
69,12,0,-0.38916756,-0.05058671,0
69,13,0,-0.38916756,-0.22180723,0
69,14,0,-0.38916756,-0.33525017,0
70,1,0,0.94795794,-0.29181369,0
70,2,0,0.94795794,-0.01326701,0
70,3,0,0.94795794,0.25261343,0
70,4,0,0.94795794,0.45369005,0
70,5,0,0.94795794,0.73897714,0
70,6,0,0.94795794,0.96019885,0
70,7,0,0.94795794,1.26762747,0
70,8,0,0.94795794,1.48632499,0
70,9,0,0.94795794,1.69413587,0
70,10,0,0.94795794,2.00270345,0
70,11,0,0.94795794,2.19214852,0
70,12,0,0.94795794,2.51112518,0
70,13,0,0.94795794,2.74898078,0
70,14,0,0.94795794,2.99164804,0
71,1,0,0.06958891,-0.16403003,0
71,2,0,0.06958891,-0.1668906,0
71,3,0,0.06958891,-0.12395097,0
71,4,0,0.06958891,-0.08910075,0
71,5,0,0.06958891,-0.03277997,0
71,6,0,0.06958891,-0.02121622,0
71,7,0,0.06958891,-0.07579358,0
71,8,0,0.06958891,0.04755849,0
71,9,0,0.06958891,0.04584969,0
71,10,0,0.06958891,0.03365915,0
71,11,0,0.06958891,0.08572376,0
71,12,0,0.06958891,0.14084486,0
71,13,0,0.06958891,0.15325613,0
71,14,0,0.06958891,0.13953346,0
72,1,0,-0.68703783,1.4457824,0
72,2,0,-0.68703783,1.20639313,0
72,3,0,-0.68703783,1.03542087,0
72,4,0,-0.68703783,0.82570815,0
72,5,0,-0.68703783,0.56418543,0
72,6,0,-0.68703783,0.38916052,0
72,7,0,-0.68703783,0.14461866,0
72,8,0,-0.68703783,-0.04562296,0
72,9,0,-0.68703783,-0.23559265,0
72,10,0,-0.68703783,-0.51116879,0
72,11,0,-0.68703783,-0.69497472,0
72,12,0,-0.68703783,-0.84880285,0
72,13,0,-0.68703783,-1.01257675,0
72,14,0,-0.68703783,-1.23747264,0
73,1,0,-0.73634771,0.26303912,0
73,2,0,-0.73634771,0.00899379,0
73,3,0,-0.73634771,-0.20084727,0
73,4,0,-0.73634771,-0.39289394,0
73,5,0,-0.73634771,-0.64379523,0
73,6,0,-0.73634771,-0.91657284,0
73,7,0,-0.73634771,-1.0140854,0
73,8,0,-0.73634771,-1.25920465,0
73,9,0,-0.73634771,-1.51249711,0
73,10,0,-0.73634771,-1.74953414,0
73,11,0,-0.73634771,-1.97923743,0
73,12,0,-0.73634771,-2.12153538,0
73,13,0,-0.73634771,-2.39631277,0
73,14,0,-0.73634771,-2.59108915,0
74,1,0,0.46092395,-0.30814815,0
74,2,0,0.46092395,-0.18300324,0
74,3,0,0.46092395,0.01808658,0
74,4,0,0.46092395,0.13606293,0
74,5,0,0.46092395,0.36835717,0
74,6,0,0.46092395,0.49773705,0
74,7,0,0.46092395,0.6397167,0
74,8,0,0.46092395,0.77762642,0
74,9,0,0.46092395,0.89409556,0
74,10,0,0.46092395,1.02870297,0
74,11,0,0.46092395,1.20855823,0
74,12,0,0.46092395,1.33119345,0
74,13,0,0.46092395,1.5256443,0
74,14,0,0.46092395,1.73792452,0
75,1,0,0.75815412,1.72588827,0
75,2,0,0.75815412,1.9783213,0
75,3,0,0.75815412,2.18574581,0
75,4,0,0.75815412,2.43847456,0
75,5,0,0.75815412,2.65286803,0
75,6,0,0.75815412,2.85493662,0
75,7,0,0.75815412,3.11310069,0
75,8,0,0.75815412,3.31129808,0
75,9,0,0.75815412,3.60078527,0
75,10,0,0.75815412,3.800725,0
75,11,0,0.75815412,4.03286584,0
75,12,0,0.75815412,4.22495143,0
75,13,0,0.75815412,4.42672001,0
75,14,0,0.75815412,4.67592213,0
76,1,0,-2.18213482,1.6985665,0
76,2,0,-2.18213482,1.12181202,0
76,3,0,-2.18213482,0.48887991,0
76,4,0,-2.18213482,-0.18475336,0
76,5,0,-2.18213482,-0.85355981,0
76,6,0,-2.18213482,-1.35885966,0
76,7,0,-2.18213482,-2.05642252,0
76,8,0,-2.18213482,-2.59954108,0
76,9,0,-2.18213482,-3.31007255,0
76,10,0,-2.18213482,-3.87472255,0
76,11,0,-2.18213482,-4.50991183,0
76,12,0,-2.18213482,-5.11809168,0
76,13,0,-2.18213482,-5.75786437,0
76,14,0,-2.18213482,-6.38569115,0
77,1,0,-0.24164157,-1.36182126,0
77,2,0,-0.24164157,-1.45378131,0
77,3,0,-0.24164157,-1.50835269,0
77,4,0,-0.24164157,-1.62872003,0
77,5,0,-0.24164157,-1.72527612,0
77,6,0,-0.24164157,-1.8140916,0
77,7,0,-0.24164157,-1.92752541,0
77,8,0,-0.24164157,-1.96054708,0
77,9,0,-0.24164157,-2.03753448,0
77,10,0,-0.24164157,-2.09572254,0
77,11,0,-0.24164157,-2.20311603,0
77,12,0,-0.24164157,-2.35612658,0
77,13,0,-0.24164157,-2.36459314,0
77,14,0,-0.24164157,-2.52493452,0
78,1,0,0.43575038,-0.31659758,0
78,2,0,0.43575038,-0.10465918,0
78,3,0,0.43575038,0.03316598,0
78,4,0,0.43575038,0.20954722,0
78,5,0,0.43575038,0.278118,0
78,6,0,0.43575038,0.50146619,0
78,7,0,0.43575038,0.66718639,0
78,8,0,0.43575038,0.78986818,0
78,9,0,0.43575038,0.96962,0
78,10,0,0.43575038,1.20875249,0
78,11,0,0.43575038,1.27819446,0
78,12,0,0.43575038,1.49165589,0
78,13,0,0.43575038,1.62648467,0
78,14,0,0.43575038,1.79571772,0
79,1,0,0.88890768,1.95573442,0
79,2,0,0.88890768,2.17538437,0
79,3,0,0.88890768,2.46867024,0
79,4,0,0.88890768,2.71325283,0
79,5,0,0.88890768,3.03666697,0
79,6,0,0.88890768,3.29002935,0
79,7,0,0.88890768,3.51261382,0
79,8,0,0.88890768,3.78422261,0
79,9,0,0.88890768,4.02386271,0
79,10,0,0.88890768,4.31675767,0
79,11,0,0.88890768,4.57866794,0
79,12,0,0.88890768,4.84820163,0
79,13,0,0.88890768,5.12300133,0
79,14,0,0.88890768,5.34864138,0
80,1,0,0.61236265,-0.83223841,0
80,2,0,0.61236265,-0.70884572,0
80,3,0,0.61236265,-0.4286798,0
80,4,0,0.61236265,-0.1798602,0
80,5,0,0.61236265,-0.06173553,0
80,6,0,0.61236265,0.20174259,0
80,7,0,0.61236265,0.35944202,0
80,8,0,0.61236265,0.55905141,0
80,9,0,0.61236265,0.80160015,0
80,10,0,0.61236265,0.94302646,0
80,11,0,0.61236265,1.18045401,0
80,12,0,0.61236265,1.41001957,0
80,13,0,0.61236265,1.65835701,0
80,14,0,0.61236265,1.82542175,0
81,1,0,-0.84653551,-0.30186321,0
81,2,0,-0.84653551,-0.49228253,0
81,3,0,-0.84653551,-0.7362166,0
81,4,0,-0.84653551,-1.04009901,0
81,5,0,-0.84653551,-1.22679441,0
81,6,0,-0.84653551,-1.52961285,0
81,7,0,-0.84653551,-1.78900594,0
81,8,0,-0.84653551,-2.04500873,0
81,9,0,-0.84653551,-2.26425151,0
81,10,0,-0.84653551,-2.53902769,0
81,11,0,-0.84653551,-2.7960582,0
81,12,0,-0.84653551,-3.01766862,0
81,13,0,-0.84653551,-3.31918104,0
81,14,0,-0.84653551,-3.55123605,0
82,1,0,-0.30962931,-1.36039469,0
82,2,0,-0.30962931,-1.48011854,0
82,3,0,-0.30962931,-1.60714468,0
82,4,0,-0.30962931,-1.57205277,0
82,5,0,-0.30962931,-1.70405212,0
82,6,0,-0.30962931,-1.78911423,0
82,7,0,-0.30962931,-1.94755467,0
82,8,0,-0.30962931,-1.99790364,0
82,9,0,-0.30962931,-2.0779828,0
82,10,0,-0.30962931,-2.18794295,0
82,11,0,-0.30962931,-2.30987006,0
82,12,0,-0.30962931,-2.35676427,0
82,13,0,-0.30962931,-2.42624622,0
82,14,0,-0.30962931,-2.56800011,0
83,1,0,2.01760342,-0.1542964,0
83,2,0,2.01760342,0.44198177,0
83,3,0,2.01760342,1.14560801,0
83,4,0,2.01760342,1.74549111,0
83,5,0,2.01760342,2.32459169,0
83,6,0,2.01760342,3.02908144,0
83,7,0,2.01760342,3.59514071,0
83,8,0,2.01760342,4.18083812,0
83,9,0,2.01760342,4.84188397,0
83,10,0,2.01760342,5.33456232,0
83,11,0,2.01760342,6.03712135,0
83,12,0,2.01760342,6.67078861,0
83,13,0,2.01760342,7.3370149,0
83,14,0,2.01760342,7.81081035,0
84,1,0,-0.04102571,0.14979333,0
84,2,0,-0.04102571,0.06173188,0
84,3,0,-0.04102571,0.06618106,0
84,4,0,-0.04102571,0.09309177,0
84,5,0,-0.04102571,0.07965821,0
84,6,0,-0.04102571,0.09629449,0
84,7,0,-0.04102571,0.03062446,0
84,8,0,-0.04102571,0.0326756,0
84,9,0,-0.04102571,-0.01277945,0
84,10,0,-0.04102571,-0.08252767,0
84,11,0,-0.04102571,-0.05875817,0
84,12,0,-0.04102571,-0.07820592,0
84,13,0,-0.04102571,-0.10514677,0
84,14,0,-0.04102571,-0.09049598,0
85,1,0,1.51886789,1.39781771,0
85,2,0,1.51886789,1.85890013,0
85,3,0,1.51886789,2.32084782,0
85,4,0,1.51886789,2.80717466,0
85,5,0,1.51886789,3.34330134,0
85,6,0,1.51886789,3.76842679,0
85,7,0,1.51886789,4.32313485,0
85,8,0,1.51886789,4.71802677,0
85,9,0,1.51886789,5.18387047,0
85,10,0,1.51886789,5.66059034,0
85,11,0,1.51886789,6.12602434,0
85,12,0,1.51886789,6.60413424,0
85,13,0,1.51886789,7.09013758,0
85,14,0,1.51886789,7.55543954,0
86,1,0,0.09675537,1.2482013,0
86,2,0,0.09675537,1.29904246,0
86,3,0,0.09675537,1.33662018,0
86,4,0,0.09675537,1.38577264,0
86,5,0,0.09675537,1.43359688,0
86,6,0,0.09675537,1.41577091,0
86,7,0,0.09675537,1.46297865,0
86,8,0,0.09675537,1.57248394,0
86,9,0,0.09675537,1.55582926,0
86,10,0,0.09675537,1.57245625,0
86,11,0,0.09675537,1.60997446,0
86,12,0,0.09675537,1.64186738,0
86,13,0,0.09675537,1.65357958,0
86,14,0,0.09675537,1.77370839,0
87,1,0,0.35151612,0.77896482,0
87,2,0,0.35151612,0.89835531,0
87,3,0,0.35151612,0.99929643,0
87,4,0,0.35151612,0.97459127,0
87,5,0,0.35151612,1.12190902,0
87,6,0,0.35151612,1.19046073,0
87,7,0,0.35151612,1.34197261,0
87,8,0,0.35151612,1.40291105,0
87,9,0,0.35151612,1.49945419,0
87,10,0,0.35151612,1.58438214,0
87,11,0,0.35151612,1.75729215,0
87,12,0,0.35151612,1.82430529,0
87,13,0,0.35151612,1.91395051,0
87,14,0,0.35151612,2.02344833,0
88,1,0,-0.76876415,-0.27382279,0
88,2,0,-0.76876415,-0.47931058,0
88,3,0,-0.76876415,-0.78501531,0
88,4,0,-0.76876415,-0.94311415,0
88,5,0,-0.76876415,-1.08641579,0
88,6,0,-0.76876415,-1.39820096,0
88,7,0,-0.76876415,-1.56406219,0
88,8,0,-0.76876415,-1.77590955,0
88,9,0,-0.76876415,-2.0028704,0
88,10,0,-0.76876415,-2.20241111,0
88,11,0,-0.76876415,-2.36212405,0
88,12,0,-0.76876415,-2.55007676,0
88,13,0,-0.76876415,-2.78043329,0
88,14,0,-0.76876415,-3.02269475,0
89,1,0,-0.84141692,-1.3190862,0
89,2,0,-0.84141692,-1.52859453,0
89,3,0,-0.84141692,-1.79411443,0
89,4,0,-0.84141692,-1.98875227,0
89,5,0,-0.84141692,-2.2452544,0
89,6,0,-0.84141692,-2.45771555,0
89,7,0,-0.84141692,-2.69975584,0
89,8,0,-0.84141692,-2.94157538,0
89,9,0,-0.84141692,-3.19121696,0
89,10,0,-0.84141692,-3.37735773,0
89,11,0,-0.84141692,-3.63911715,0
89,12,0,-0.84141692,-3.86336309,0
89,13,0,-0.84141692,-4.13423596,0
89,14,0,-0.84141692,-4.3739612,0
90,1,0,-1.94007321,0.71766548,0
90,2,0,-1.94007321,0.14726656,0
90,3,0,-1.94007321,-0.45697469,0
90,4,0,-1.94007321,-1.04026272,0
90,5,0,-1.94007321,-1.67658612,0
90,6,0,-1.94007321,-2.1822746,0
90,7,0,-1.94007321,-2.80209795,0
90,8,0,-1.94007321,-3.37384103,0
90,9,0,-1.94007321,-3.97501072,0
90,10,0,-1.94007321,-4.58948767,0
90,11,0,-1.94007321,-5.12846636,0
90,12,0,-1.94007321,-5.73024914,0
90,13,0,-1.94007321,-6.37754422,0
90,14,0,-1.94007321,-6.88660035,0
91,1,0,-0.28135865,0.63446253,0
91,2,0,-0.28135865,0.51741378,0
91,3,0,-0.28135865,0.41016952,0
91,4,0,-0.28135865,0.34282025,0
91,5,0,-0.28135865,0.26501162,0
91,6,0,-0.28135865,0.21785899,0
91,7,0,-0.28135865,0.14839987,0
91,8,0,-0.28135865,0.08458606,0
91,9,0,-0.28135865,-0.01824613,0
91,10,0,-0.28135865,-0.12732634,0
91,11,0,-0.28135865,-0.17607901,0
91,12,0,-0.28135865,-0.24153786,0
91,13,0,-0.28135865,-0.37472745,0
91,14,0,-0.28135865,-0.4304573,0
92,1,0,-0.03358079,-1.50651613,0
92,2,0,-0.03358079,-1.46556536,0
92,3,0,-0.03358079,-1.44978833,0
92,4,0,-0.03358079,-1.49875405,0
92,5,0,-0.03358079,-1.5106182,0
92,6,0,-0.03358079,-1.47787629,0
92,7,0,-0.03358079,-1.52467346,0
92,8,0,-0.03358079,-1.55862045,0
92,9,0,-0.03358079,-1.54525806,0
92,10,0,-0.03358079,-1.62297645,0
92,11,0,-0.03358079,-1.66605909,0
92,12,0,-0.03358079,-1.64543643,0
92,13,0,-0.03358079,-1.65991167,0
92,14,0,-0.03358079,-1.66466395,0
93,1,0,-1.11115755,-0.71552524,0
93,2,0,-1.11115755,-0.95693157,0
93,3,0,-1.11115755,-1.33594085,0
93,4,0,-1.11115755,-1.62252967,0
93,5,0,-1.11115755,-1.95868148,0
93,6,0,-1.11115755,-2.27834084,0
93,7,0,-1.11115755,-2.56472384,0
93,8,0,-1.11115755,-2.89816426,0
93,9,0,-1.11115755,-3.21122316,0
93,10,0,-1.11115755,-3.47738722,0
93,11,0,-1.11115755,-3.78859132,0
93,12,0,-1.11115755,-4.10999847,0
93,13,0,-1.11115755,-4.4350847,0
93,14,0,-1.11115755,-4.76945217,0
94,1,0,-1.04568632,1.31321029,0
94,2,0,-1.04568632,1.07623678,0
94,3,0,-1.04568632,0.68178024,0
94,4,0,-1.04568632,0.37009652,0
94,5,0,-1.04568632,0.02157703,0
94,6,0,-1.04568632,-0.33483955,0
94,7,0,-1.04568632,-0.63419515,0
94,8,0,-1.04568632,-0.99341621,0
94,9,0,-1.04568632,-1.35824697,0
94,10,0,-1.04568632,-1.66961045,0
94,11,0,-1.04568632,-2.02685801,0
94,12,0,-1.04568632,-2.36430934,0
94,13,0,-1.04568632,-2.70076647,0
94,14,0,-1.04568632,-3.01136844,0
95,1,0,-0.23544848,-0.14245627,0
95,2,0,-0.23544848,-0.16405499,0
95,3,0,-0.23544848,-0.27024385,0
95,4,0,-0.23544848,-0.34327877,0
95,5,0,-0.23544848,-0.37373744,0
95,6,0,-0.23544848,-0.46206315,0
95,7,0,-0.23544848,-0.52224244,0
95,8,0,-0.23544848,-0.58821305,0
95,9,0,-0.23544848,-0.60467527,0
95,10,0,-0.23544848,-0.72611125,0
95,11,0,-0.23544848,-0.79362248,0
95,12,0,-0.23544848,-0.90606381,0
95,13,0,-0.23544848,-0.97409729,0
95,14,0,-0.23544848,-1.03058039,0
96,1,0,0.84833973,-0.03759139,0
96,2,0,0.84833973,0.19742433,0
96,3,0,0.84833973,0.43831584,0
96,4,0,0.84833973,0.68322093,0
96,5,0,0.84833973,0.91054192,0
96,6,0,0.84833973,1.18265408,0
96,7,0,0.84833973,1.37873188,0
96,8,0,0.84833973,1.60625765,0
96,9,0,0.84833973,1.82820988,0
96,10,0,0.84833973,2.10336725,0
96,11,0,0.84833973,2.37001919,0
96,12,0,0.84833973,2.55428253,0
96,13,0,0.84833973,2.86226233,0
96,14,0,0.84833973,3.03314674,0
97,1,0,0.86828264,1.31528369,0
97,2,0,0.86828264,1.58308227,0
97,3,0,0.86828264,1.91763087,0
97,4,0,0.86828264,2.19828222,0
97,5,0,0.86828264,2.57674233,0
97,6,0,0.86828264,2.80196005,0
97,7,0,0.86828264,3.1868346,0
97,8,0,0.86828264,3.48590138,0
97,9,0,0.86828264,3.82693004,0
97,10,0,0.86828264,4.10559545,0
97,11,0,0.86828264,4.44056949,0
97,12,0,0.86828264,4.73369915,0
97,13,0,0.86828264,5.05172798,0
97,14,0,0.86828264,5.36246126,0
98,1,0,-0.3132031,-1.00305528,0
98,2,0,-0.3132031,-1.10866669,0
98,3,0,-0.3132031,-1.24390296,0
98,4,0,-0.3132031,-1.28862389,0
98,5,0,-0.3132031,-1.38995454,0
98,6,0,-0.3132031,-1.4741515,0
98,7,0,-0.3132031,-1.57986628,0
98,8,0,-0.3132031,-1.70793509,0
98,9,0,-0.3132031,-1.87471202,0
98,10,0,-0.3132031,-1.91404961,0
98,11,0,-0.3132031,-2.01264995,0
98,12,0,-0.3132031,-2.13801949,0
98,13,0,-0.3132031,-2.19120009,0
98,14,0,-0.3132031,-2.29580255,0
99,1,0,-1.38183282,0.20100353,0
99,2,0,-1.38183282,-0.15928647,0
99,3,0,-1.38183282,-0.59948375,0
99,4,0,-1.38183282,-0.94483473,0
99,5,0,-1.38183282,-1.3274795,0
99,6,0,-1.38183282,-1.80052299,0
99,7,0,-1.38183282,-2.180972,0
99,8,0,-1.38183282,-2.55168549,0
99,9,0,-1.38183282,-2.96644999,0
99,10,0,-1.38183282,-3.30142449,0
99,11,0,-1.38183282,-3.70949243,0
99,12,0,-1.38183282,-4.1601258,0
99,13,0,-1.38183282,-4.51845748,0
99,14,0,-1.38183282,-4.9992723,0
100,1,0,-1.83193478,0.28495733,0
100,2,0,-1.83193478,-0.24209999,0
100,3,0,-1.83193478,-0.79688703,0
100,4,0,-1.83193478,-1.30894223,0
100,5,0,-1.83193478,-1.74715788,0
100,6,0,-1.83193478,-2.32104877,0
100,7,0,-1.83193478,-2.79077689,0
100,8,0,-1.83193478,-3.31317856,0
100,9,0,-1.83193478,-3.8603181,0
100,10,0,-1.83193478,-4.40524866,0
100,11,0,-1.83193478,-4.91206247,0
100,12,0,-1.83193478,-5.39172395,0
100,13,0,-1.83193478,-5.8875056,0
100,14,0,-1.83193478,-6.44062223,0
101,1,0,0.16135302,-0.18067827,0
101,2,0,0.16135302,-0.15014324,0
101,3,0,0.16135302,-0.14613974,0
101,4,0,0.16135302,-0.01177725,0
101,5,0,0.16135302,-0.02263935,0
101,6,0,0.16135302,0.04518623,0
101,7,0,0.16135302,0.05108814,0
101,8,0,0.16135302,0.10550541,0
101,9,0,0.16135302,0.21507987,0
101,10,0,0.16135302,0.30351479,0
101,11,0,0.16135302,0.36572969,0
101,12,0,0.16135302,0.37167169,0
101,13,0,0.16135302,0.43037421,0
101,14,0,0.16135302,0.45916981,0
102,1,0,-0.03290985,1.47994119,0
102,2,0,-0.03290985,1.46383587,0
102,3,0,-0.03290985,1.47092409,0
102,4,0,-0.03290985,1.45290577,0
102,5,0,-0.03290985,1.42982469,0
102,6,0,-0.03290985,1.47221549,0
102,7,0,-0.03290985,1.35122109,0
102,8,0,-0.03290985,1.36601765,0
102,9,0,-0.03290985,1.43207577,0
102,10,0,-0.03290985,1.37907767,0
102,11,0,-0.03290985,1.34627594,0
102,12,0,-0.03290985,1.37016735,0
102,13,0,-0.03290985,1.34288116,0
102,14,0,-0.03290985,1.29231074,0
103,1,0,-0.22756915,-1.85127946,0
103,2,0,-0.22756915,-1.90754139,0
103,3,0,-0.22756915,-2.04761498,0
103,4,0,-0.22756915,-2.07879877,0
103,5,0,-0.22756915,-2.16619119,0
103,6,0,-0.22756915,-2.18158611,0
103,7,0,-0.22756915,-2.19976851,0
103,8,0,-0.22756915,-2.26807405,0
103,9,0,-0.22756915,-2.38306084,0
103,10,0,-0.22756915,-2.44529512,0
103,11,0,-0.22756915,-2.51409659,0
103,12,0,-0.22756915,-2.59393641,0
103,13,0,-0.22756915,-2.64371077,0
103,14,0,-0.22756915,-2.67284393,0
104,1,0,-0.66367978,-0.65504824,0
104,2,0,-0.66367978,-0.84354219,0
104,3,0,-0.66367978,-0.99927207,0
104,4,0,-0.66367978,-1.22890495,0
104,5,0,-0.66367978,-1.4434219,0
104,6,0,-0.66367978,-1.60798034,0
104,7,0,-0.66367978,-1.83044867,0
104,8,0,-0.66367978,-2.04198263,0
104,9,0,-0.66367978,-2.23967766,0
104,10,0,-0.66367978,-2.47448329,0
104,11,0,-0.66367978,-2.65801481,0
104,12,0,-0.66367978,-2.87016089,0
104,13,0,-0.66367978,-3.09490116,0
104,14,0,-0.66367978,-3.30208896,0
105,1,0,-0.12998564,0.47655418,0
105,2,0,-0.12998564,0.42417084,0
105,3,0,-0.12998564,0.47672522,0
105,4,0,-0.12998564,0.41010284,0
105,5,0,-0.12998564,0.39858764,0
105,6,0,-0.12998564,0.41650573,0
105,7,0,-0.12998564,0.2881141,0
105,8,0,-0.12998564,0.35622521,0
105,9,0,-0.12998564,0.32179954,0
105,10,0,-0.12998564,0.31047824,0
105,11,0,-0.12998564,0.36952042,0
105,12,0,-0.12998564,0.27352985,0
105,13,0,-0.12998564,0.29564857,0
105,14,0,-0.12998564,0.29627155,0
106,1,0,0.17425923,0.79132595,0
106,2,0,0.17425923,0.85020735,0
106,3,0,0.17425923,0.87423276,0
106,4,0,0.17425923,0.93790857,0
106,5,0,0.17425923,0.97185118,0
106,6,0,0.17425923,1.03353323,0
106,7,0,0.17425923,1.04953844,0
106,8,0,0.17425923,1.07849014,0
106,9,0,0.17425923,1.06152904,0
106,10,0,0.17425923,1.12616937,0
106,11,0,0.17425923,1.17137951,0
106,12,0,0.17425923,1.20235388,0
106,13,0,0.17425923,1.24250771,0
106,14,0,0.17425923,1.26389897,0
107,1,0,1.01070341,-1.17815734,0
107,2,0,1.01070341,-0.79938146,0
107,3,0,1.01070341,-0.52821709,0
107,4,0,1.01070341,-0.17201651,0
107,5,0,1.01070341,0.16836286,0
107,6,0,1.01070341,0.47573517,0
107,7,0,1.01070341,0.75867997,0
107,8,0,1.01070341,1.12274261,0
107,9,0,1.01070341,1.47012755,0
107,10,0,1.01070341,1.85180945,0
107,11,0,1.01070341,2.11605264,0
107,12,0,1.01070341,2.50782584,0
107,13,0,1.01070341,2.82722193,0
107,14,0,1.01070341,3.14960956,0
108,1,0,-1.22001302,0.48146911,0
108,2,0,-1.22001302,0.07547274,0
108,3,0,-1.22001302,-0.30025403,0
108,4,0,-1.22001302,-0.71948493,0
108,5,0,-1.22001302,-1.15089627,0
108,6,0,-1.22001302,-1.5751796,0
108,7,0,-1.22001302,-2.00246622,0
108,8,0,-1.22001302,-2.34777328,0
108,9,0,-1.22001302,-2.83661294,0
108,10,0,-1.22001302,-3.19276087,0
108,11,0,-1.22001302,-3.63662429,0
108,12,0,-1.22001302,-4.04402714,0
108,13,0,-1.22001302,-4.44230456,0
108,14,0,-1.22001302,-4.89627854,0
109,1,0,-1.12724787,-1.2626749,0
109,2,0,-1.12724787,-1.679597,0
109,3,0,-1.12724787,-1.96277421,0
109,4,0,-1.12724787,-2.33207189,0
109,5,0,-1.12724787,-2.62711136,0
109,6,0,-1.12724787,-3.01028434,0
109,7,0,-1.12724787,-3.35914544,0
109,8,0,-1.12724787,-3.70140283,0
109,9,0,-1.12724787,-4.06324301,0
109,10,0,-1.12724787,-4.40966793,0
109,11,0,-1.12724787,-4.87116532,0
109,12,0,-1.12724787,-5.12397026,0
109,13,0,-1.12724787,-5.45632416,0
109,14,0,-1.12724787,-5.83354097,0
110,1,0,0.17000237,1.54567662,0
110,2,0,0.17000237,1.58744864,0
110,3,0,0.17000237,1.60512901,0
110,4,0,0.17000237,1.62867298,0
110,5,0,0.17000237,1.60846368,0
110,6,0,0.17000237,1.63549388,0
110,7,0,0.17000237,1.73782842,0
110,8,0,0.17000237,1.75537707,0
110,9,0,0.17000237,1.7742746,0
110,10,0,0.17000237,1.80088507,0
110,11,0,0.17000237,1.76723413,0
110,12,0,0.17000237,1.8782747,0
110,13,0,0.17000237,1.85492038,0
110,14,0,0.17000237,1.90954896,0
111,1,0,1.13189732,-0.40196854,0
111,2,0,1.13189732,-0.03834484,0
111,3,0,1.13189732,0.32443231,0
111,4,0,1.13189732,0.69948509,0
111,5,0,1.13189732,1.07419676,0
111,6,0,1.13189732,1.40940451,0
111,7,0,1.13189732,1.82680992,0
111,8,0,1.13189732,2.11649698,0
111,9,0,1.13189732,2.47146142,0
111,10,0,1.13189732,2.79929226,0
111,11,0,1.13189732,3.18965164,0
111,12,0,1.13189732,3.48418655,0
111,13,0,1.13189732,3.88613776,0
111,14,0,1.13189732,4.25161611,0
112,1,0,-0.91959659,-0.33898614,0
112,2,0,-0.91959659,-0.63664352,0
112,3,0,-0.91959659,-0.95293423,0
112,4,0,-0.91959659,-1.23042649,0
112,5,0,-0.91959659,-1.54660786,0
112,6,0,-0.91959659,-1.87473563,0
112,7,0,-0.91959659,-2.09209356,0
112,8,0,-0.91959659,-2.42648691,0
112,9,0,-0.91959659,-2.80821113,0
112,10,0,-0.91959659,-3.02623721,0
112,11,0,-0.91959659,-3.30499623,0
112,12,0,-0.91959659,-3.68790929,0
112,13,0,-0.91959659,-3.96045286,0
112,14,0,-0.91959659,-4.25681575,0
113,1,0,0.21203234,0.37971994,0
113,2,0,0.21203234,0.46616862,0
113,3,0,0.21203234,0.41248281,0
113,4,0,0.21203234,0.51576116,0
113,5,0,0.21203234,0.52126912,0
113,6,0,0.21203234,0.63808167,0
113,7,0,0.21203234,0.67799792,0
113,8,0,0.21203234,0.76313164,0
113,9,0,0.21203234,0.78242812,0
113,10,0,0.21203234,0.85692304,0
113,11,0,0.21203234,0.90513849,0
113,12,0,0.21203234,0.9357872,0
113,13,0,0.21203234,1.00272189,0
113,14,0,0.21203234,1.07363208,0
114,1,0,-0.51235137,-0.44576762,0
114,2,0,-0.51235137,-0.50462483,0
114,3,0,-0.51235137,-0.73095194,0
114,4,0,-0.51235137,-0.84582122,0
114,5,0,-0.51235137,-0.97891404,0
114,6,0,-0.51235137,-1.14029351,0
114,7,0,-0.51235137,-1.28060655,0
114,8,0,-0.51235137,-1.43727429,0
114,9,0,-0.51235137,-1.62245179,0
114,10,0,-0.51235137,-1.65128442,0
114,11,0,-0.51235137,-1.80134406,0
114,12,0,-0.51235137,-2.00996569,0
114,13,0,-0.51235137,-2.1310453,0
114,14,0,-0.51235137,-2.25309008,0
